"","County","Date","Year","taxon_name","mass","sex","tail","wing.chord","anterior.culmen","posterior.culmen","tarsus","Age","mean_trachea_length","trachea.diameter","sample_year","data.origin","NK"
"1","2",0084-01-06,1983,"Antigone canadensis canadensis",NA,"F",170,454,NA,70,190,"ADULT",NA,NA,84,"NMDGF",NA
"2","2",0084-01-06,1983,"Antigone canadensis canadensis",NA,"M",175,480,NA,74,170,"ADULT",NA,NA,84,"NMDGF",NA
"3","2",0084-01-06,1983,"Antigone canadensis canadensis",NA,"F",170,445,NA,73,180,"ADULT",NA,NA,84,"NMDGF",NA
"4","2",0084-01-06,1983,"Antigone canadensis canadensis",NA,"M",170,460,NA,73,195,"ADULT",NA,NA,84,"NMDGF",NA
"5","2",0084-01-06,1983,"Antigone canadensis canadensis",NA,"M",180,490,NA,78,185,"ADULT",NA,NA,84,"NMDGF",NA
"6","2",0084-02-08,1983,"Antigone canadensis canadensis",NA,"M",175,445,NA,70,180,"ADULT",NA,NA,84,"NMDGF",NA
"7","2",0084-02-11,1983,"Antigone canadensis canadensis",NA,"F",165,462,NA,74,185,"ADULT",NA,NA,84,"NMDGF",NA
"8","2",0086-10-16,1986,"Antigone canadensis canadensis",NA,"F",NA,457,NA,64,167,"ADULT",NA,NA,86,"NMDGF",NA
"9","2",0086-10-16,1986,"Antigone canadensis canadensis",NA,"F",NA,465,NA,73,187,"ADULT",NA,NA,86,"NMDGF",NA
"10","2",0086-10-16,1986,"Antigone canadensis canadensis",NA,"M",NA,482,NA,72,179,"ADULT",NA,NA,86,"NMDGF",NA
"11","2",0086-10-16,1986,"Antigone canadensis canadensis",NA,"M",NA,NA,NA,67,187,"ADULT",NA,NA,86,"NMDGF",NA
"12","2",0086-10-16,1986,"Antigone canadensis canadensis",NA,"M",NA,500,NA,62,167,"ADULT",NA,NA,86,"NMDGF",NA
"13","2",0086-10-16,1986,"Antigone canadensis canadensis",NA,"M",NA,441,NA,62,163,"ADULT",NA,NA,86,"NMDGF",NA
"14","2",0086-10-16,1986,"Antigone canadensis canadensis",NA,"F",NA,450,NA,64,180,"ADULT",NA,NA,86,"NMDGF",NA
"15","2",0086-10-16,1986,"Antigone canadensis canadensis",NA,"F",NA,452,NA,69,167,"ADULT",NA,NA,86,"NMDGF",NA
"16","2",0086-10-16,1986,"Antigone canadensis canadensis",NA,"F",NA,475,NA,69,175,"ADULT",NA,NA,86,"NMDGF",NA
"17","2",0086-10-16,1986,"Antigone canadensis canadensis",NA,"M",NA,470,NA,73,190,"ADULT",NA,NA,86,"NMDGF",NA
"18","2",0086-10-16,1986,"Antigone canadensis canadensis",NA,"F",NA,480,NA,67,187,"ADULT",NA,NA,86,"NMDGF",NA
"19","2",0086-10-17,1986,"Antigone canadensis canadensis",NA,"F",NA,443,NA,69,183,"ADULT",NA,NA,86,"NMDGF",NA
"20","2",0086-10-17,1986,"Antigone canadensis canadensis",NA,"F",NA,445,NA,69,172,"ADULT",NA,NA,86,"NMDGF",NA
"21","2",0086-10-18,1986,"Antigone canadensis canadensis",NA,"F",NA,450,NA,72,205,"ADULT",NA,NA,86,"NMDGF",NA
"22","2",0086-10-18,1986,"Antigone canadensis canadensis",NA,"F",NA,443,NA,65,192,"ADULT",NA,NA,86,"NMDGF",NA
"23","2",0086-10-18,1986,"Antigone canadensis canadensis",NA,"F",NA,455,NA,65,187,"ADULT",NA,NA,86,"NMDGF",NA
"24","2",0086-10-18,1986,"Antigone canadensis canadensis",NA,"M",NA,486,NA,74,187,"ADULT",NA,NA,86,"NMDGF",NA
"25","2",0086-10-18,1986,"Antigone canadensis canadensis",NA,"M",NA,488,NA,71,191,"ADULT",NA,NA,86,"NMDGF",NA
"26","2",0086-10-18,1986,"Antigone canadensis canadensis",NA,"M",NA,485,NA,71,171,"ADULT",NA,NA,86,"NMDGF",NA
"27","2",0086-10-18,1986,"Antigone canadensis canadensis",NA,"F",NA,482,NA,73,NA,"ADULT",NA,NA,86,"NMDGF",NA
"28","2",0086-10-18,1986,"Antigone canadensis canadensis",NA,"F",NA,415,NA,63,157,"ADULT",NA,NA,86,"NMDGF",NA
"29","2",0086-10-18,1986,"Antigone canadensis canadensis",NA,"M",NA,491,NA,67,187,"ADULT",NA,NA,86,"NMDGF",NA
"30","3",0086-10-18,1986,"Antigone canadensis canadensis",NA,"M",NA,485,NA,72,179,"ADULT",NA,NA,86,"NMDGF",NA
"31","3",0086-10-18,1986,"Antigone canadensis canadensis",NA,"F",NA,460,NA,65,177,"ADULT",NA,NA,86,"NMDGF",NA
"32","3",0086-10-18,1986,"Antigone canadensis canadensis",NA,"F",NA,415,NA,69,173,"ADULT",NA,NA,86,"NMDGF",NA
"33","3",0086-10-18,1986,"Antigone canadensis canadensis",NA,"F",NA,438,NA,63,175,"ADULT",NA,NA,86,"NMDGF",NA
"34","2",0086-10-19,1986,"Antigone canadensis canadensis",NA,"M",NA,429,NA,74,177,"ADULT",NA,NA,86,"NMDGF",NA
"35","2",0086-10-19,1986,"Antigone canadensis canadensis",NA,"M",NA,454,NA,76,214,"ADULT",NA,NA,86,"NMDGF",NA
"36","2",0086-10-19,1986,"Antigone canadensis canadensis",NA,"F",NA,455,NA,63,177,"ADULT",NA,NA,86,"NMDGF",NA
"37","2",0086-10-19,1986,"Antigone canadensis canadensis",NA,"M",NA,470,NA,65,201,"ADULT",NA,NA,86,"NMDGF",NA
"38","2",0086-10-19,1986,"Antigone canadensis canadensis",NA,"M",NA,472,NA,69,206,"ADULT",NA,NA,86,"NMDGF",NA
"39","2",0086-10-19,1986,"Antigone canadensis canadensis",NA,"F",NA,440,NA,63,182,"ADULT",NA,NA,86,"NMDGF",NA
"40","2",0086-10-19,1986,"Antigone canadensis canadensis",NA,"F",NA,445,NA,62,187,"ADULT",NA,NA,86,"NMDGF",NA
"41","2",0086-10-19,1986,"Antigone canadensis canadensis",NA,"M",NA,492,NA,70,193,"ADULT",NA,NA,86,"NMDGF",NA
"42","2",0086-10-19,1986,"Antigone canadensis canadensis",NA,"M",NA,472,NA,60,NA,"ADULT",NA,NA,86,"NMDGF",NA
"43","2",0086-10-19,1986,"Antigone canadensis canadensis",NA,"M",NA,485,NA,70,187,"ADULT",NA,NA,86,"NMDGF",NA
"44","2",0086-10-19,1986,"Antigone canadensis canadensis",NA,"M",NA,490,NA,72,197,"ADULT",NA,NA,86,"NMDGF",NA
"45","2",0086-10-22,1986,"Antigone canadensis canadensis",NA,"M",NA,493,NA,73,190,"ADULT",NA,NA,86,"NMDGF",NA
"46","2",0086-10-22,1986,"Antigone canadensis canadensis",NA,"F",NA,NA,NA,73,198,"ADULT",NA,NA,86,"NMDGF",NA
"47","2",0086-10-22,1986,"Antigone canadensis canadensis",NA,"M",NA,492,NA,74,195,"ADULT",NA,NA,86,"NMDGF",NA
"48","2",0086-10-22,1986,"Antigone canadensis canadensis",NA,"F",NA,448,NA,63,179,"ADULT",NA,NA,86,"NMDGF",NA
"49","2",0086-10-24,1986,"Antigone canadensis canadensis",NA,"M",NA,500,NA,76,186,"ADULT",NA,NA,86,"NMDGF",NA
"50","2",0086-10-24,1986,"Antigone canadensis canadensis",NA,"F",NA,457,NA,60,172,"ADULT",NA,NA,86,"NMDGF",NA
"51","2",0086-10-24,1986,"Antigone canadensis canadensis",NA,"F",NA,455,NA,75,185,"ADULT",NA,NA,86,"NMDGF",NA
"52","2",0086-10-24,1986,"Antigone canadensis canadensis",NA,"F",NA,455,NA,72,182,"ADULT",NA,NA,86,"NMDGF",NA
"53","2",0086-10-24,1986,"Antigone canadensis canadensis",NA,"F",NA,482,NA,73,193,"ADULT",NA,NA,86,"NMDGF",NA
"54","2",0086-10-24,1986,"Antigone canadensis canadensis",NA,"F",NA,455,NA,62,176,"ADULT",NA,NA,86,"NMDGF",NA
"55","2",0086-10-24,1986,"Antigone canadensis canadensis",NA,"M",NA,470,NA,69,166,"ADULT",NA,NA,86,"NMDGF",NA
"56","2",0086-10-24,1986,"Antigone canadensis canadensis",NA,"M",NA,500,NA,67,187,"ADULT",NA,NA,86,"NMDGF",NA
"57","2",0086-10-24,1986,"Antigone canadensis canadensis",NA,"F",NA,464,NA,70,163,"ADULT",NA,NA,86,"NMDGF",NA
"58","3",0086-10-24,1986,"Antigone canadensis canadensis",NA,"F",NA,448,NA,60,157,"ADULT",NA,NA,86,"NMDGF",NA
"59","3",0086-10-24,1986,"Antigone canadensis canadensis",NA,"M",NA,470,NA,65,175,"ADULT",NA,NA,86,"NMDGF",NA
"60","2",0086-10-25,1986,"Antigone canadensis canadensis",NA,"F",NA,455,NA,71,174,"ADULT",NA,NA,86,"NMDGF",NA
"61","2",0086-10-25,1986,"Antigone canadensis canadensis",NA,"M",NA,495,NA,71,185,"ADULT",NA,NA,86,"NMDGF",NA
"62","2",0086-10-25,1986,"Antigone canadensis canadensis",NA,"F",NA,461,NA,72,186,"ADULT",NA,NA,86,"NMDGF",NA
"63","2",0086-10-25,1986,"Antigone canadensis canadensis",NA,"M",NA,488,NA,69,188,"ADULT",NA,NA,86,"NMDGF",NA
"64","2",0086-10-25,1986,"Antigone canadensis canadensis",NA,"M",NA,475,NA,67,190,"ADULT",NA,NA,86,"NMDGF",NA
"65","2",0086-10-25,1986,"Antigone canadensis canadensis",NA,"F",NA,446,NA,73,177,"ADULT",NA,NA,86,"NMDGF",NA
"66","2",0086-10-26,1986,"Antigone canadensis canadensis",NA,"M",NA,462,NA,73,204,"ADULT",NA,NA,86,"NMDGF",NA
"67","2",0086-10-26,1986,"Antigone canadensis canadensis",NA,"F",NA,458,NA,67,180,"ADULT",NA,NA,86,"NMDGF",NA
"68","2",0086-10-26,1986,"Antigone canadensis canadensis",NA,"M",NA,450,NA,62,172,"ADULT",NA,NA,86,"NMDGF",NA
"69","2",0086-10-27,1986,"Antigone canadensis canadensis",NA,"F",NA,441,NA,71,191,"ADULT",NA,NA,86,"NMDGF",NA
"70","2",0086-10-27,1986,"Antigone canadensis canadensis",NA,"M",NA,476,NA,69,177,"ADULT",NA,NA,86,"NMDGF",NA
"71","2",0087-10-17,1987,"Antigone canadensis canadensis",2700,"F",NA,464,55.8,68.5,172,"ADULT",NA,NA,87,"NMDGF",NA
"72","2",0087-10-17,1987,"Antigone canadensis canadensis",3200,"M",NA,473,58,69,178,"ADULT",NA,NA,87,"NMDGF",NA
"73","2",0087-10-17,1987,"Antigone canadensis canadensis",3700,"M",NA,476,59.8,67.9,187,"ADULT",NA,NA,87,"NMDGF",NA
"74","2",0087-10-17,1987,"Antigone canadensis canadensis",3150,"M",NA,459,54.1,65.4,159,"ADULT",NA,NA,87,"NMDGF",NA
"75","2",0087-10-17,1987,"Antigone canadensis canadensis",2900,"F",NA,436,54.4,63.8,159,"ADULT",NA,NA,87,"NMDGF",NA
"76","2",0087-10-17,1987,"Antigone canadensis canadensis",3000,"M",NA,431,53.3,66,182,"ADULT",NA,NA,87,"NMDGF",NA
"77","2",0087-10-17,1987,"Antigone canadensis canadensis",3150,"M",NA,473,56.3,68.7,202,"ADULT",NA,NA,87,"NMDGF",NA
"78","2",0087-10-17,1987,"Antigone canadensis canadensis",3150,"F",NA,442,58,72.7,168,"ADULT",NA,NA,87,"NMDGF",NA
"79","2",0087-10-18,1987,"Antigone canadensis canadensis",3000,"F",NA,444,55.6,63.6,187,"ADULT",NA,NA,87,"NMDGF",NA
"80","2",0087-10-18,1987,"Antigone canadensis canadensis",NA,"F",NA,441,57,66.9,183,"ADULT",NA,NA,87,"NMDGF",NA
"81","2",0087-10-18,1987,"Antigone canadensis canadensis",3100,"F",NA,452,54.9,64.7,206,"ADULT",NA,NA,87,"NMDGF",NA
"82","2",0087-10-18,1987,"Antigone canadensis canadensis",2900,"F",NA,435,57.9,69.1,178,"ADULT",NA,NA,87,"NMDGF",NA
"83","2",0087-10-18,1987,"Antigone canadensis canadensis",2700,"F",NA,429,61.6,72.7,176,"ADULT",NA,NA,87,"NMDGF",NA
"84","2",0087-10-24,1987,"Antigone canadensis canadensis",3500,"M",NA,472,63.2,75.9,172,"ADULT",NA,NA,87,"NMDGF",NA
"85","2",0087-10-25,1987,"Antigone canadensis canadensis",3400,"M",NA,452,59.4,67.8,172,"ADULT",NA,NA,87,"NMDGF",NA
"86","2",0087-10-25,1987,"Antigone canadensis canadensis",2800,"M",NA,426,61.9,74.6,166,"ADULT",NA,NA,87,"NMDGF",NA
"87","2",0087-10-31,1987,"Antigone canadensis canadensis",3150,"M",NA,473,62.4,75.8,179,"ADULT",NA,NA,87,"NMDGF",NA
"88","2",0087-10-31,1987,"Antigone canadensis canadensis",2900,"F",NA,440,62.9,72.4,168,"ADULT",NA,NA,87,"NMDGF",NA
"89","2",0087-10-31,1987,"Antigone canadensis canadensis",2700,"F",NA,451,55.1,65.5,169,"ADULT",NA,NA,87,"NMDGF",NA
"90","2",0088-10-15,1988,"Antigone canadensis canadensis",2800,"F",NA,447,52.1,66.1,163,"ADULT",NA,NA,88,"NMDGF",NA
"91","2",0088-10-15,1988,"Antigone canadensis canadensis",3000,"F",NA,457,56.9,70.8,183,"ADULT",NA,NA,88,"NMDGF",NA
"92","2",0088-10-15,1988,"Antigone canadensis canadensis",2900,"F",NA,434,53.8,66.7,193,"ADULT",NA,NA,88,"NMDGF",NA
"93","2",0088-10-15,1988,"Antigone canadensis canadensis",2800,"F",NA,440,57.7,68,178,"ADULT",NA,NA,88,"NMDGF",NA
"94","2",0088-10-15,1988,"Antigone canadensis canadensis",3400,"F",NA,462,61.9,72.3,165,"ADULT",NA,NA,88,"NMDGF",NA
"95","2",0088-10-15,1988,"Antigone canadensis canadensis",NA,"F",NA,442,55.7,65.4,162,"ADULT",NA,NA,88,"NMDGF",NA
"96","2",0088-10-15,1988,"Antigone canadensis canadensis",3000,"F",NA,444,55.3,67.7,177,"ADULT",NA,NA,88,"NMDGF",NA
"97","2",0088-10-16,1988,"Antigone canadensis canadensis",3400,"F",NA,447,54.8,65.1,179,"ADULT",NA,NA,88,"NMDGF",NA
"98","2",0088-10-16,1988,"Antigone canadensis canadensis",3600,"M",NA,471,61.9,70.9,174,"ADULT",NA,NA,88,"NMDGF",NA
"99","2",0088-10-16,1988,"Antigone canadensis canadensis",2900,"F",NA,455,53.9,67.5,176,"ADULT",NA,NA,88,"NMDGF",NA
"100","2",0088-10-16,1988,"Antigone canadensis canadensis",3500,"M",NA,458,59.1,79.4,174,"ADULT",NA,NA,88,"NMDGF",NA
"101","2",0088-10-22,1988,"Antigone canadensis canadensis",3400,"M",NA,460,56.1,72.3,183,"ADULT",NA,NA,88,"NMDGF",NA
"102","2",0088-10-22,1988,"Antigone canadensis canadensis",3400,"M",NA,456,61.9,75.5,188,"ADULT",NA,NA,88,"NMDGF",NA
"103","2",0088-10-22,1988,"Antigone canadensis canadensis",3100,"F",NA,460,54.9,71.3,188,"ADULT",NA,NA,88,"NMDGF",NA
"104","2",0088-10-22,1988,"Antigone canadensis canadensis",3000,"M",NA,475,57.3,72.1,183,"ADULT",NA,NA,88,"NMDGF",NA
"105","2",0088-10-23,1988,"Antigone canadensis canadensis",3300,"M",NA,450,58.7,71.8,186,"ADULT",NA,NA,88,"NMDGF",NA
"106","2",0088-10-23,1988,"Antigone canadensis canadensis",3200,"F",NA,426,58.3,65.4,180,"ADULT",NA,NA,88,"NMDGF",NA
"107","2",0088-10-23,1988,"Antigone canadensis canadensis",3400,"M",NA,500,63.6,78.2,208,"ADULT",NA,NA,88,"NMDGF",NA
"108","2",0088-10-23,1988,"Antigone canadensis canadensis",3400,"M",NA,471,62.1,73.2,187,"ADULT",NA,NA,88,"NMDGF",NA
"109","2",0088-10-23,1988,"Antigone canadensis canadensis",3000,"F",NA,451,66.8,77,172,"ADULT",NA,NA,88,"NMDGF",NA
"110","2",0088-10-29,1988,"Antigone canadensis canadensis",3400,"M",NA,471,61.7,75.4,175,"ADULT",NA,NA,88,"NMDGF",NA
"111","2",0088-10-29,1988,"Antigone canadensis canadensis",2900,"F",NA,452,60.9,71.7,189,"ADULT",NA,NA,88,"NMDGF",NA
"112","2",0089-10-17,1989,"Antigone canadensis canadensis",2800,"F",NA,427,58.4,73.6,168,"ADULT",NA,NA,89,"NMDGF",NA
"113","2",0089-10-17,1989,"Antigone canadensis canadensis",3200,"M",NA,438,60.5,75.8,193,"ADULT",NA,NA,89,"NMDGF",NA
"114","2",0089-10-17,1989,"Antigone canadensis canadensis",2900,"F",NA,434,68.5,NA,164,"ADULT",NA,NA,89,"NMDGF",NA
"115","2",0089-10-17,1989,"Antigone canadensis canadensis",3500,"M",NA,443,56,71,178,"ADULT",NA,NA,89,"NMDGF",NA
"116","2",0089-10-17,1989,"Antigone canadensis canadensis",3500,"M",NA,448,60.8,73,170,"ADULT",NA,NA,89,"NMDGF",NA
"117","2",0089-10-18,1989,"Antigone canadensis canadensis",3400,"M",NA,461,60.1,76.7,194,"ADULT",NA,NA,89,"NMDGF",NA
"118","2",0089-10-21,1989,"Antigone canadensis canadensis",2800,"F",NA,428,60.3,67.8,173,"ADULT",NA,NA,89,"NMDGF",NA
"119","2",0089-10-21,1989,"Antigone canadensis canadensis",3900,"M",NA,470,66.8,77.7,209,"ADULT",NA,NA,89,"NMDGF",NA
"120","2",0089-10-21,1989,"Antigone canadensis canadensis",3000,"F",NA,453,65.7,75.6,186,"ADULT",NA,NA,89,"NMDGF",NA
"121","2",0089-10-21,1989,"Antigone canadensis canadensis",3200,"M",NA,448,58.2,66.3,176,"ADULT",NA,NA,89,"NMDGF",NA
"122","2",0089-10-21,1989,"Antigone canadensis canadensis",3600,"M",NA,462,60.6,69.1,197,"ADULT",NA,NA,89,"NMDGF",NA
"123","2",0089-10-21,1989,"Antigone canadensis canadensis",3200,"F",NA,445,63.8,75.8,185,"ADULT",NA,NA,89,"NMDGF",NA
"124","2",0089-10-22,1989,"Antigone canadensis canadensis",2900,"F",NA,432,52.2,64.5,186,"ADULT",NA,NA,89,"NMDGF",NA
"125","2",0089-10-22,1989,"Antigone canadensis canadensis",2900,"M",173,441,59.9,69.3,158,"ADULT",NA,NA,89,"NMDGF",NA
"126","2",0089-10-22,1989,"Antigone canadensis canadensis",3800,"M",170,449,63.3,76.9,186,"ADULT",NA,NA,89,"NMDGF",NA
"127","3",0089-10-24,1989,"Antigone canadensis canadensis",NA,"F",NA,429,56.3,68.6,157,"ADULT",NA,NA,89,"NMDGF",NA
"128","2",0089-10-25,1989,"Antigone canadensis canadensis",3600,"M",NA,451,54,69.3,196,"ADULT",NA,NA,89,"NMDGF",NA
"129","2",0089-10-28,1989,"Antigone canadensis canadensis",3700,"M",175,470,62,75.4,198,"ADULT",NA,NA,89,"NMDGF",NA
"130","2",0089-10-28,1989,"Antigone canadensis canadensis",3300,"M",177,453,60.8,74.8,178,"ADULT",NA,NA,89,"NMDGF",NA
"131","2",0089-10-28,1989,"Antigone canadensis canadensis",3300,"M",161,451,63.2,74.9,180,"ADULT",NA,NA,89,"NMDGF",NA
"132","2",0089-10-28,1989,"Antigone canadensis canadensis",3200,"M",172,472,66.4,78.6,207,"ADULT",NA,NA,89,"NMDGF",NA
"133","2",0089-10-28,1989,"Antigone canadensis canadensis",2900,"M",160,474,57.7,70,174,"ADULT",NA,NA,89,"NMDGF",NA
"134","2",0089-10-28,1989,"Antigone canadensis canadensis",NA,"M",184,479,64.9,76.8,207,"ADULT",NA,NA,89,"NMDGF",NA
"135","2",0089-10-29,1989,"Antigone canadensis canadensis",3300,"F",169,458,59.4,66.2,172,"ADULT",NA,NA,89,"NMDGF",NA
"136","2",0089-10-29,1989,"Antigone canadensis canadensis",3400,"M",169,464,59.6,70.3,180,"ADULT",NA,NA,89,"NMDGF",NA
"137","2",0089-10-29,1989,"Antigone canadensis canadensis",3300,"F",156,432,59.5,70.6,193,"ADULT",NA,NA,89,"NMDGF",NA
"138","2",0090-10-26,1990,"Antigone canadensis canadensis",3000,"F",157,428,59.2,73.2,179,"ADULT",NA,NA,90,"NMDGF",NA
"139","2",0090-10-26,1990,"Antigone canadensis canadensis",3700,"M",NA,487,68.1,80.8,194,"ADULT",NA,NA,90,"NMDGF",NA
"140","2",0090-10-26,1990,"Antigone canadensis canadensis",3000,"F",167,442,53.1,63.9,170,"ADULT",NA,NA,90,"NMDGF",NA
"141","2",0090-10-26,1990,"Antigone canadensis canadensis",3800,"M",160,468,63.3,77.4,206,"ADULT",NA,NA,90,"NMDGF",NA
"142","3",0090-10-26,1990,"Antigone canadensis canadensis",3000,"F",170,465,64.5,77.3,184,"ADULT",NA,NA,90,"NMDGF",NA
"143","3",0090-10-26,1990,"Antigone canadensis canadensis",2700,"F",175,445,54.6,66.3,174,"ADULT",NA,NA,90,"NMDGF",NA
"144","3",0090-10-26,1990,"Antigone canadensis canadensis",3150,"F",170,450,53.3,67,172,"ADULT",NA,NA,90,"NMDGF",NA
"145","3",0090-10-26,1990,"Antigone canadensis canadensis",3200,"F",165,451,58.7,70,187,"ADULT",NA,NA,90,"NMDGF",NA
"146","2",0090-10-27,1990,"Antigone canadensis canadensis",3500,"M",172,445,65.7,74.1,209,"ADULT",NA,NA,90,"NMDGF",NA
"147","2",0090-10-27,1990,"Antigone canadensis canadensis",2950,"F",159,429,58.7,70.1,169,"ADULT",NA,NA,90,"NMDGF",NA
"148","2",0090-10-27,1990,"Antigone canadensis canadensis",2900,"M",169,452,62.8,75.4,168,"ADULT",NA,NA,90,"NMDGF",NA
"149","2",0090-10-27,1990,"Antigone canadensis canadensis",3300,"M",170,443,63.5,72.9,186,"ADULT",NA,NA,90,"NMDGF",NA
"150","2",0090-10-27,1990,"Antigone canadensis canadensis",3250,"M",165,458,NA,60.7,180,"ADULT",NA,NA,90,"NMDGF",NA
"151","2",0090-10-27,1990,"Antigone canadensis canadensis",3300,"M",188,489,60.3,74.8,179,"ADULT",NA,NA,90,"NMDGF",NA
"152","2",0090-10-27,1990,"Antigone canadensis canadensis",3250,"F",171,472,58.5,65.7,184,"ADULT",NA,NA,90,"NMDGF",NA
"153","2",0090-10-27,1990,"Antigone canadensis canadensis",3300,"M",172,468,55.3,68.9,183,"ADULT",NA,NA,90,"NMDGF",NA
"154","2",0090-10-27,1990,"Antigone canadensis canadensis",3200,"M",167,465,NA,56.6,192,"ADULT",NA,NA,90,"NMDGF",NA
"155","3",0090-10-27,1990,"Antigone canadensis canadensis",2900,"F",153,433,NA,58,185,"ADULT",NA,NA,90,"NMDGF",NA
"156","2",0090-10-28,1990,"Antigone canadensis canadensis",3500,"M",185,484,61.8,75.8,191,"ADULT",NA,NA,90,"NMDGF",NA
"157","2",0090-10-28,1990,"Antigone canadensis canadensis",3400,"M",177,464,57.5,69.1,184,"ADULT",NA,NA,90,"NMDGF",NA
"158","2",0090-10-28,1990,"Antigone canadensis canadensis",3350,"M",181,478,68.7,78.1,189,"ADULT",NA,NA,90,"NMDGF",NA
"159","2",0090-10-28,1990,"Antigone canadensis canadensis",3400,"M",172,465,55.3,66.1,195,"ADULT",NA,NA,90,"NMDGF",NA
"160","2",0091-10-18,1991,"Antigone canadensis canadensis",2872,"F",167,452,58.4,67.8,172,"ADULT",NA,NA,91,"NMDGF",NA
"161","2",0091-10-18,1991,"Antigone canadensis canadensis",3265,"M",174,478,60,72.3,187,"ADULT",NA,NA,91,"NMDGF",NA
"162","2",0091-10-18,1991,"Antigone canadensis canadensis",3516,"M",177,485,56,70.4,187,"ADULT",NA,NA,91,"NMDGF",NA
"163","2",0091-10-18,1991,"Antigone canadensis canadensis",3270,"M",165,452,58.9,70,199,"ADULT",NA,NA,91,"NMDGF",NA
"164","2",0091-10-18,1991,"Antigone canadensis canadensis",2625,"F",152,438,55.3,63.8,189,"ADULT",NA,NA,91,"NMDGF",NA
"165","2",0091-10-18,1991,"Antigone canadensis canadensis",3285,"M",160,452,60.6,71.7,201,"ADULT",NA,NA,91,"NMDGF",NA
"166","2",0091-10-18,1991,"Antigone canadensis canadensis",3006,"F",165,444,58.1,69.5,184,"ADULT",NA,NA,91,"NMDGF",NA
"167","2",0091-10-18,1991,"Antigone canadensis canadensis",2776,"F",177,420,61.7,70,178,"ADULT",NA,NA,91,"NMDGF",NA
"168","2",0091-10-18,1991,"Antigone canadensis canadensis",3414,"M",184,464,66.6,78.2,206,"ADULT",NA,NA,91,"NMDGF",NA
"169","2",0091-10-18,1991,"Antigone canadensis canadensis",3200,"M",175,484,58.7,72,190,"ADULT",NA,NA,91,"NMDGF",NA
"170","2",0091-10-19,1991,"Antigone canadensis canadensis",3046,"F",166,439,64.3,74.2,190,"ADULT",NA,NA,91,"NMDGF",NA
"171","2",0091-10-19,1991,"Antigone canadensis canadensis",NA,"M",176,478,62.4,76.3,208,"ADULT",NA,NA,91,"NMDGF",NA
"172","2",0091-10-19,1991,"Antigone canadensis canadensis",3058,"F",149,439,59.5,68.2,191,"ADULT",NA,NA,91,"NMDGF",NA
"173","2",0091-10-19,1991,"Antigone canadensis canadensis",3476,"M",172,465,64.8,73.6,194,"ADULT",NA,NA,91,"NMDGF",NA
"174","2",0091-10-19,1991,"Antigone canadensis canadensis",2938,"F",169,468,59.6,70.4,185,"ADULT",NA,NA,91,"NMDGF",NA
"175","2",0091-10-19,1991,"Antigone canadensis canadensis",NA,"F",168,426,54.8,64.7,172,"ADULT",NA,NA,91,"NMDGF",NA
"176","2",0091-10-19,1991,"Antigone canadensis canadensis",2767,"F",160,447,61.4,70,171,"ADULT",NA,NA,91,"NMDGF",NA
"177","2",0091-10-19,1991,"Antigone canadensis canadensis",3105,"M",168,487,59,70.3,194,"ADULT",NA,NA,91,"NMDGF",NA
"178","2",0091-10-19,1991,"Antigone canadensis canadensis",2938,"M",172,448,61.5,72.5,184,"ADULT",NA,NA,91,"NMDGF",NA
"179","2",0091-10-19,1991,"Antigone canadensis canadensis",2908,"M",171,429,55.6,67.4,179,"ADULT",NA,NA,91,"NMDGF",NA
"180","2",0091-10-19,1991,"Antigone canadensis canadensis",3537,"M",178,480,62.9,73.4,194,"ADULT",NA,NA,91,"NMDGF",NA
"181","2",0091-10-19,1991,"Antigone canadensis canadensis",2842,"F",163,430,59.3,70.4,160,"ADULT",NA,NA,91,"NMDGF",NA
"182","2",0091-10-19,1991,"Antigone canadensis canadensis",3015,"M",169,435,59.5,73,197,"ADULT",NA,NA,91,"NMDGF",NA
"183","2",0091-10-19,1991,"Antigone canadensis canadensis",2682,"F",165,426,63.7,73.5,175,"ADULT",NA,NA,91,"NMDGF",NA
"184","2",0091-10-19,1991,"Antigone canadensis canadensis",3024,"F",162,431,63.4,71,189,"ADULT",NA,NA,91,"NMDGF",NA
"185","2",0091-10-19,1991,"Antigone canadensis canadensis",3164,"M",170,445,63.6,72.4,171,"ADULT",NA,NA,91,"NMDGF",NA
"186","2",0091-10-19,1991,"Antigone canadensis canadensis",2893,"F",165,447,54.9,62.9,162,"ADULT",NA,NA,91,"NMDGF",NA
"187","2",0091-10-19,1991,"Antigone canadensis canadensis",3089,"F",160,451,66.1,76,174,"ADULT",NA,NA,91,"NMDGF",NA
"188","2",0091-10-19,1991,"Antigone canadensis canadensis",3538,"M",182,498,64.9,76.5,210,"ADULT",NA,NA,91,"NMDGF",NA
"189","2",0091-10-19,1991,"Antigone canadensis canadensis",3390,"M",NA,507,60.6,72.9,198,"ADULT",NA,NA,91,"NMDGF",NA
"190","2",0091-10-19,1991,"Antigone canadensis canadensis",3165,"F",168,476,60.6,72.5,192,"ADULT",NA,NA,91,"NMDGF",NA
"191","2",0091-10-20,1991,"Antigone canadensis canadensis",3407,"F",162,446,61.2,72.4,178,"ADULT",NA,NA,91,"NMDGF",NA
"192","2",0091-10-20,1991,"Antigone canadensis canadensis",3274,"M",160,470,62.9,77.1,192,"ADULT",NA,NA,91,"NMDGF",NA
"193","2",0091-10-20,1991,"Antigone canadensis canadensis",NA,"F",176,449,61.1,68.2,163,"ADULT",NA,NA,91,"NMDGF",NA
"194","2",0091-10-20,1991,"Antigone canadensis canadensis",3205,"M",181,501,61,75.4,177,"ADULT",NA,NA,91,"NMDGF",NA
"195","2",0091-10-20,1991,"Antigone canadensis canadensis",3082,"F",183,471,59.1,67.1,169,"ADULT",NA,NA,91,"NMDGF",NA
"196","2",0091-10-20,1991,"Antigone canadensis canadensis",3489,"M",167,NA,NA,82.7,210,"ADULT",NA,NA,91,"NMDGF",NA
"197","2",0091-10-20,1991,"Antigone canadensis canadensis",3472,"M",178,497,59.2,71.1,187,"ADULT",NA,NA,91,"NMDGF",NA
"198","2",0091-10-20,1991,"Antigone canadensis canadensis",2681,"F",171,479,60.5,73,155,"ADULT",NA,NA,91,"NMDGF",NA
"199","2",0091-10-20,1991,"Antigone canadensis canadensis",2837,"M",NA,NA,64,72.4,161,"ADULT",NA,NA,91,"NMDGF",NA
"200","2",0091-10-20,1991,"Antigone canadensis canadensis",3193,"M",180,461,58.1,70.3,195,"ADULT",NA,NA,91,"NMDGF",NA
"201","2",0091-10-20,1991,"Antigone canadensis canadensis",2878,"F",180,478,67.5,78.8,153,"ADULT",NA,NA,91,"NMDGF",NA
"202","2",0091-10-25,1991,"Antigone canadensis canadensis",2801,"F",155,433,59.9,71.2,169,"ADULT",NA,NA,91,"NMDGF",NA
"203","2",0091-10-25,1991,"Antigone canadensis canadensis",2793,"F",168,454,56,66.1,180,"ADULT",NA,NA,91,"NMDGF",NA
"204","2",0091-10-26,1991,"Antigone canadensis canadensis",3276,"M",169,447,67.1,76.1,174,"ADULT",NA,NA,91,"NMDGF",NA
"205","2",0091-10-26,1991,"Antigone canadensis canadensis",NA,"F",166,428,56.8,64.1,157,"ADULT",NA,NA,91,"NMDGF",NA
"206","2",0091-10-26,1991,"Antigone canadensis canadensis",2677,"F",169,423,57.9,67.2,165,"ADULT",NA,NA,91,"NMDGF",NA
"207","2",0091-10-27,1991,"Antigone canadensis canadensis",2742,"F",165,451,58.2,66.1,179,"ADULT",NA,NA,91,"NMDGF",NA
"208","2",0091-10-27,1991,"Antigone canadensis canadensis",3386,"M",173,435,60.3,71.2,190,"ADULT",NA,NA,91,"NMDGF",NA
"209","2",0091-10-27,1991,"Antigone canadensis canadensis",2927,"F",162,428,58,68,182,"ADULT",NA,NA,91,"NMDGF",NA
"210","2",0091-10-27,1991,"Antigone canadensis canadensis",2898,"F",154,431,56.1,66.4,171,"ADULT",NA,NA,91,"NMDGF",NA
"211","2",0092-10-16,1992,"Antigone canadensis canadensis",2872,"M",182,471,57,69.4,154,"ADULT",NA,NA,92,"NMDGF",NA
"212","2",0092-10-16,1992,"Antigone canadensis canadensis",3182,"M",170,447,57.5,71.4,188,"ADULT",NA,NA,92,"NMDGF",NA
"213","2",0092-10-16,1992,"Antigone canadensis canadensis",2793,"F",164,423,57,69.5,179,"ADULT",NA,NA,92,"NMDGF",NA
"214","2",0092-10-16,1992,"Antigone canadensis canadensis",2573,"F",149,432,58.9,66.1,168,"ADULT",NA,NA,92,"NMDGF",NA
"215","2",0092-10-17,1992,"Antigone canadensis canadensis",3500,"M",165,456,NA,80.7,199,"ADULT",NA,NA,92,"NMDGF",NA
"216","2",0092-10-17,1992,"Antigone canadensis canadensis",2835,"F",157,436,59.4,71.6,191,"ADULT",NA,NA,92,"NMDGF",NA
"217","2",0092-10-17,1992,"Antigone canadensis canadensis",2818,"F",166,446,58,67.2,171,"ADULT",NA,NA,92,"NMDGF",NA
"218","2",0092-10-17,1992,"Antigone canadensis canadensis",3683,"M",170,476,64.9,74.8,196,"ADULT",NA,NA,92,"NMDGF",NA
"219","2",0092-10-17,1992,"Antigone canadensis canadensis",3215,"M",175,451,62.8,75.4,192,"ADULT",NA,NA,92,"NMDGF",NA
"220","2",0092-10-17,1992,"Antigone canadensis canadensis",2875,"F",168,421,54.9,62.2,175,"ADULT",NA,NA,92,"NMDGF",NA
"221","2",0092-10-17,1992,"Antigone canadensis canadensis",2659,"F",158,462,63.7,75.9,185,"ADULT",NA,NA,92,"NMDGF",NA
"222","2",0092-10-17,1992,"Antigone canadensis canadensis",3390,"M",169,NA,61.1,77.3,183,"ADULT",NA,NA,92,"NMDGF",NA
"223","2",0092-10-17,1992,"Antigone canadensis canadensis",3398,"M",164,493,60.4,71.3,191,"ADULT",NA,NA,92,"NMDGF",NA
"224","2",0092-10-17,1992,"Antigone canadensis canadensis",3230,"F",167,477,62.4,73.4,185,"ADULT",NA,NA,92,"NMDGF",NA
"225","2",0092-10-17,1992,"Antigone canadensis canadensis",2846,"F",161,482,58.8,70,168,"ADULT",NA,NA,92,"NMDGF",NA
"226","2",0092-10-17,1992,"Antigone canadensis canadensis",2770,"F",159,452,57.4,68.9,169,"ADULT",NA,NA,92,"NMDGF",NA
"227","2",0092-10-17,1992,"Antigone canadensis canadensis",3346,"M",164,458,59.1,72.6,195,"ADULT",NA,NA,92,"NMDGF",NA
"228","2",0092-10-17,1992,"Antigone canadensis canadensis",2870,"F",168,475,56.6,65.4,175,"ADULT",NA,NA,92,"NMDGF",NA
"229","2",0092-10-18,1992,"Antigone canadensis canadensis",3449,"F",162,452,60.5,69,198,"ADULT",NA,NA,92,"NMDGF",NA
"230","2",0092-10-18,1992,"Antigone canadensis canadensis",2789,"F",167,NA,58.7,69.5,174,"ADULT",NA,NA,92,"NMDGF",NA
"231","2",0092-10-18,1992,"Antigone canadensis canadensis",3115,"F",161,449,54.4,65,178,"ADULT",NA,NA,92,"NMDGF",NA
"232","2",0092-10-18,1992,"Antigone canadensis canadensis",3478,"M",161,469,62.3,73.9,199,"ADULT",NA,NA,92,"NMDGF",NA
"233","2",0092-10-18,1992,"Antigone canadensis canadensis",2987,"F",162,437,62.3,69.8,179,"ADULT",NA,NA,92,"NMDGF",NA
"234","2",0092-10-18,1992,"Antigone canadensis canadensis",2565,"F",158,434,57.4,68.8,174,"ADULT",NA,NA,92,"NMDGF",NA
"235","2",0092-10-18,1992,"Antigone canadensis canadensis",2890,"F",162,465,54,67.4,NA,"ADULT",NA,NA,92,"NMDGF",NA
"236","2",0092-10-18,1992,"Antigone canadensis canadensis",3529,"M",184,498,68.4,77,188,"ADULT",NA,NA,92,"NMDGF",NA
"237","2",0092-10-23,1992,"Antigone canadensis canadensis",3203,"M",170,432,60.7,71.1,181,"ADULT",NA,NA,92,"NMDGF",NA
"238","2",0092-10-23,1992,"Antigone canadensis canadensis",3193,"F",152,443,60,69.3,180,"ADULT",NA,NA,92,"NMDGF",NA
"239","2",0092-10-23,1992,"Antigone canadensis canadensis",3376,"M",174,462,63.2,72.4,184,"ADULT",NA,NA,92,"NMDGF",NA
"240","2",0092-10-23,1992,"Antigone canadensis canadensis",3020,"M",172,485,61.1,71.7,176,"ADULT",NA,NA,92,"NMDGF",NA
"241","2",0092-10-23,1992,"Antigone canadensis canadensis",2918,"F",161,441,56.7,69.8,176,"ADULT",NA,NA,92,"NMDGF",NA
"242","3",0092-10-23,1992,"Antigone canadensis canadensis",3388,"M",170,496,65.1,74.8,181,"ADULT",NA,NA,92,"NMDGF",NA
"243","3",0092-10-23,1992,"Antigone canadensis canadensis",3498,"F",171,487,61,72.9,187,"ADULT",NA,NA,92,"NMDGF",NA
"244","2",0092-10-24,1992,"Antigone canadensis canadensis",2743,"F",164,422,56.9,66.2,164,"ADULT",NA,NA,92,"NMDGF",NA
"245","2",0092-10-24,1992,"Antigone canadensis canadensis",3001,"F",153,431,60.2,69.2,193,"ADULT",NA,NA,92,"NMDGF",NA
"246","2",0092-10-24,1992,"Antigone canadensis canadensis",3310,"M",163,473,61.2,73.4,187,"ADULT",NA,NA,92,"NMDGF",NA
"247","2",0092-10-24,1992,"Antigone canadensis canadensis",3586,"M",172,506,67.8,79.6,195,"ADULT",NA,NA,92,"NMDGF",NA
"248","2",0092-10-24,1992,"Antigone canadensis canadensis",2960,"F",162,475,62.9,72.7,174,"ADULT",NA,NA,92,"NMDGF",NA
"249","2",0092-10-24,1992,"Antigone canadensis canadensis",2628,"F",156,471,56.2,68.1,171,"ADULT",NA,NA,92,"NMDGF",NA
"250","2",0092-10-24,1992,"Antigone canadensis canadensis",2810,"F",170,484,58.7,70.3,163,"ADULT",NA,NA,92,"NMDGF",NA
"251","2",0092-10-24,1992,"Antigone canadensis canadensis",3490,"M",160,NA,65.5,78.5,191,"ADULT",NA,NA,92,"NMDGF",NA
"252","2",0092-10-25,1992,"Antigone canadensis canadensis",2630,"F",151,468,60.9,71.6,165,"ADULT",NA,NA,92,"NMDGF",NA
"253","2",0092-10-25,1992,"Antigone canadensis canadensis",3238,"M",165,NA,63.9,77.5,181,"ADULT",NA,NA,92,"NMDGF",NA
"254","2",0092-10-25,1992,"Antigone canadensis canadensis",2892,"F",160,474,58,68.7,179,"ADULT",NA,NA,92,"NMDGF",NA
"255","2",0092-10-25,1992,"Antigone canadensis canadensis",2783,"F",NA,478,54,64,169,"ADULT",NA,NA,92,"NMDGF",NA
"256","2",0092-10-25,1992,"Antigone canadensis canadensis",2765,"F",166,452,55.5,67.2,152,"ADULT",NA,NA,92,"NMDGF",NA
"257","2",0092-10-25,1992,"Antigone canadensis canadensis",3658,"M",166,503,64.8,79,203,"ADULT",NA,NA,92,"NMDGF",NA
"258","2",0092-10-25,1992,"Antigone canadensis canadensis",3534,"M",185,505,67.1,80.4,189,"ADULT",NA,NA,92,"NMDGF",NA
"259","2",0093-10-30,1993,"Antigone canadensis canadensis",3003,"F",163,418,53.7,64.1,186,"ADULT",NA,NA,93,"NMDGF",NA
"260","2",0093-10-30,1993,"Antigone canadensis canadensis",3570,"M",175,509,60.9,73.2,186,"ADULT",NA,NA,93,"NMDGF",NA
"261","2",0093-10-30,1993,"Antigone canadensis canadensis",3862,"M",176,505,60.7,70.5,187,"ADULT",NA,NA,93,"NMDGF",NA
"262","3",0093-10-30,1993,"Antigone canadensis canadensis",3751,"M",170,NA,63.5,73.6,196,"ADULT",NA,NA,93,"NMDGF",NA
"263","3",0093-10-30,1993,"Antigone canadensis canadensis",3760,"M",169,490,62.8,75.1,186,"ADULT",NA,NA,93,"NMDGF",NA
"264","3",0093-10-30,1993,"Antigone canadensis canadensis",3736,"M",178,503,63.9,73,182,"ADULT",NA,NA,93,"NMDGF",NA
"265","3",0093-10-30,1993,"Antigone canadensis canadensis",3060,"M",180,465,62.6,73.5,155,"ADULT",NA,NA,93,"NMDGF",NA
"266","3",0093-10-30,1993,"Antigone canadensis canadensis",3385,"M",161,503,68.1,80.4,189,"ADULT",NA,NA,93,"NMDGF",NA
"267","3",0093-10-30,1993,"Antigone canadensis canadensis",3259,"F",160,452,61.1,74.4,173,"ADULT",NA,NA,93,"NMDGF",NA
"268","2",0093-10-31,1993,"Antigone canadensis canadensis",2973,"F",159,469,57.9,68.3,159,"ADULT",NA,NA,93,"NMDGF",NA
"269","2",0093-12-18,1993,"Antigone canadensis canadensis",3698,"M",156,443,60.5,70.6,197,"ADULT",NA,NA,93,"NMDGF",NA
"270","2",0093-12-18,1993,"Antigone canadensis canadensis",3633,"F",171,449,63.2,74.4,186,"ADULT",NA,NA,93,"NMDGF",NA
"271","2",0095-10-28,1995,"Antigone canadensis canadensis",3508,"M",172,502,63.1,77.9,177,"ADULT",NA,NA,95,"NMDGF",NA
"272","2",0095-10-28,1995,"Antigone canadensis canadensis",2820,"M",173,453,61.3,70.3,180,"ADULT",NA,NA,95,"NMDGF",NA
"273","2",0095-10-28,1995,"Antigone canadensis canadensis",3497,"M",158,467,62.8,79.8,177,"ADULT",NA,NA,95,"NMDGF",NA
"274","2",0095-10-28,1995,"Antigone canadensis canadensis",3050,"F",149,460,64.9,75.8,193,"ADULT",NA,NA,95,"NMDGF",NA
"275","2",0095-10-28,1995,"Antigone canadensis canadensis",NA,"F",148,445,60.7,70,164,"ADULT",NA,NA,95,"NMDGF",NA
"276","3",0095-10-28,1995,"Antigone canadensis canadensis",3652,"M",171,472,65.4,77.6,200,"ADULT",NA,NA,95,"NMDGF",NA
"277","2",0095-10-28,1995,"Antigone canadensis canadensis",2674,"F",177,453,58.8,70.6,167,"ADULT",NA,NA,95,"NMDGF",NA
"278","2",0095-10-28,1995,"Antigone canadensis canadensis",NA,"F",172,423,53.1,63.4,154,"ADULT",NA,NA,95,"NMDGF",NA
"279","2",0095-10-28,1995,"Antigone canadensis canadensis",3152,"M",168,483,63.5,75.2,186,"ADULT",NA,NA,95,"NMDGF",NA
"280","2",0095-10-28,1995,"Antigone canadensis canadensis",3256,"M",165,489,66.2,81.2,178,"ADULT",NA,NA,95,"NMDGF",NA
"281","2",0095-10-28,1995,"Antigone canadensis canadensis",2814,"F",151,498,63.5,74.1,162,"ADULT",NA,NA,95,"NMDGF",NA
"282","2",0095-10-28,1995,"Antigone canadensis canadensis",2706,"F",154,450,57.3,71.2,177,"ADULT",NA,NA,95,"NMDGF",NA
"283","2",0095-10-29,1995,"Antigone canadensis canadensis",3186,"M",170,463,63.3,76.7,169,"ADULT",NA,NA,95,"NMDGF",NA
"284","2",0095-10-29,1995,"Antigone canadensis canadensis",2836,"F",155,460,57.9,69.3,181,"ADULT",NA,NA,95,"NMDGF",NA
"285","2",0095-10-29,1995,"Antigone canadensis canadensis",2691,"F",155,467,56.9,68.8,168,"ADULT",NA,NA,95,"NMDGF",NA
"286","2",0095-10-29,1995,"Antigone canadensis canadensis",3047,"F",154,457,64.2,77.4,176,"ADULT",NA,NA,95,"NMDGF",NA
"287","2",0095-10-29,1995,"Antigone canadensis canadensis",2956,"M",161,486,57.8,72.7,177,"ADULT",NA,NA,95,"NMDGF",NA
"288","2",0095-10-29,1995,"Antigone canadensis canadensis",2847,"F",154,443,58.6,71.4,181,"ADULT",NA,NA,95,"NMDGF",NA
"289","2",0095-10-29,1995,"Antigone canadensis canadensis",2791,"F",168,467,59.9,71.4,172,"ADULT",NA,NA,95,"NMDGF",NA
"290","2",0095-10-29,1995,"Antigone canadensis canadensis",2620,"F",143,444,61.5,73.4,168,"ADULT",NA,NA,95,"NMDGF",NA
"291","2",0096-10-26,1996,"Antigone canadensis canadensis",2986,"M",164,451,56,67.7,178,"ADULT",NA,NA,96,"NMDGF",NA
"292","2",0096-10-26,1996,"Antigone canadensis canadensis",3605,"M",NA,473,62.2,73.2,190,"ADULT",NA,NA,96,"NMDGF",NA
"293","2",0096-10-26,1996,"Antigone canadensis canadensis",3415,"M",159,485,65.5,79.8,188,"ADULT",NA,NA,96,"NMDGF",NA
"294","3",0096-10-26,1996,"Antigone canadensis canadensis",3526,"F",165,453,58.9,71.8,198,"ADULT",NA,NA,96,"NMDGF",NA
"295","2",0096-10-26,1996,"Antigone canadensis canadensis",3808,"M",169,481,62.4,76.3,188,"ADULT",NA,NA,96,"NMDGF",NA
"296","2",0096-10-27,1996,"Antigone canadensis canadensis",3293,"F",147,441,56.5,64.2,172,"ADULT",NA,NA,96,"NMDGF",NA
"297","2",0096-10-27,1996,"Antigone canadensis canadensis",3403,"M",164,485,62.2,74.6,189,"ADULT",NA,NA,96,"NMDGF",NA
"298","3",0096-10-27,1996,"Antigone canadensis canadensis",2925,"F",158,424,54.9,66.4,165,"ADULT",NA,NA,96,"NMDGF",NA
"299","2",0096-12-14,1996,"Antigone canadensis canadensis",3284,"F",161,494,62.4,75.8,175,"ADULT",NA,NA,96,"NMDGF",NA
"300","2",0096-12-15,1996,"Antigone canadensis canadensis",3186,"F",149,447,60.2,68.8,156,"ADULT",NA,NA,96,"NMDGF",NA
"301","2",0096-12-15,1996,"Antigone canadensis canadensis",2885,"F",157,439,56.5,68,154,"ADULT",NA,NA,96,"NMDGF",NA
"302","2",0097-01-05,1996,"Antigone canadensis canadensis",3746,"M",157,456,63,77.4,184,"ADULT",NA,NA,97,"NMDGF",NA
"303","2",0097-01-05,1996,"Antigone canadensis canadensis",3387,"M",160,443,65.8,80.3,174,"ADULT",NA,NA,97,"NMDGF",NA
"304","3",0097-01-05,1996,"Antigone canadensis canadensis",2826,"F",157,461,59.5,74.3,175,"ADULT",NA,NA,97,"NMDGF",NA
"305","2",0097-10-25,1997,"Antigone canadensis canadensis",3511,"M",170,480,60.2,70.2,198,"ADULT",NA,NA,97,"NMDGF",NA
"306","2",0097-10-25,1997,"Antigone canadensis canadensis",3810,"M",162,434,61.1,74.8,176,"ADULT",NA,NA,97,"NMDGF",NA
"307","2",0097-10-25,1997,"Antigone canadensis canadensis",3205,"F",154,453,57.4,69.3,172,"ADULT",NA,NA,97,"NMDGF",NA
"308","3",0097-10-25,1997,"Antigone canadensis canadensis",3327,"M",151,419,54.2,64.2,172,"ADULT",NA,NA,97,"NMDGF",NA
"309","3",0097-10-25,1997,"Antigone canadensis canadensis",3583,"M",165,468,58.9,74.1,194,"ADULT",NA,NA,97,"NMDGF",NA
"310","2",0097-10-25,1997,"Antigone canadensis canadensis",2592,"M",173,471,62.8,75.4,174,"ADULT",NA,NA,97,"NMDGF",NA
"311","2",0097-10-25,1997,"Antigone canadensis canadensis",2760,"F",155,440,53.8,68.8,151,"ADULT",NA,NA,97,"NMDGF",NA
"312","2",0097-10-25,1997,"Antigone canadensis canadensis",3628,"M",156,468,59.2,70.9,184,"ADULT",NA,NA,97,"NMDGF",NA
"313","2",0097-10-25,1997,"Antigone canadensis canadensis",2962,"M",160,457,58.1,71.2,173,"ADULT",NA,NA,97,"NMDGF",NA
"314","2",0097-10-25,1997,"Antigone canadensis canadensis",3344,"M",165,489,63,72.9,182,"ADULT",NA,NA,97,"NMDGF",NA
"315","2",0097-10-26,1997,"Antigone canadensis canadensis",3726,"M",163,450,61.1,74.2,192,"ADULT",NA,NA,97,"NMDGF",NA
"316","2",0097-10-26,1997,"Antigone canadensis canadensis",3129,"F",172,475,58.7,68.5,172,"ADULT",NA,NA,97,"NMDGF",NA
"317","2",0097-12-13,1997,"Antigone canadensis canadensis",3007,"F",157,424,54.3,68.4,166,"ADULT",NA,NA,97,"NMDGF",NA
"318","2",0097-12-13,1997,"Antigone canadensis canadensis",3373,"F",150,424,54.9,67.3,196,"ADULT",NA,NA,97,"NMDGF",NA
"319","2",0097-12-13,1997,"Antigone canadensis canadensis",3263,"F",155,432,51.8,65.2,174,"ADULT",NA,NA,97,"NMDGF",NA
"320","2",0097-12-13,1997,"Antigone canadensis canadensis",3326,"M",164,453,58.3,73.3,180,"ADULT",NA,NA,97,"NMDGF",NA
"321","2",0097-12-14,1997,"Antigone canadensis canadensis",3870,"M",180,474,61.9,78.3,200,"ADULT",NA,NA,97,"NMDGF",NA
"322","2",0098-01-03,1997,"Antigone canadensis canadensis",2919,"F",160,451,59.3,71.3,190,"ADULT",NA,NA,98,"NMDGF",NA
"323","2",0098-01-03,1997,"Antigone canadensis canadensis",2882,"F",157,421,52.7,66.1,167,"ADULT",NA,NA,98,"NMDGF",NA
"324","2",0098-01-04,1997,"Antigone canadensis canadensis",3868,"M",168,479,67.3,82.7,208,"ADULT",NA,NA,98,"NMDGF",NA
"325","3",0098-10-24,1998,"Antigone canadensis canadensis",3233,"M",171,456,58.5,76.2,202,"ADULT",NA,NA,98,"NMDGF",NA
"326","2",0098-10-24,1998,"Antigone canadensis canadensis",3275,"F",185,450,60,76,183,"ADULT",NA,NA,98,"NMDGF",NA
"327","2",0098-10-24,1998,"Antigone canadensis canadensis",3561,"M",185,466,62.9,78.8,192,"ADULT",NA,NA,98,"NMDGF",NA
"328","2",0098-10-24,1998,"Antigone canadensis canadensis",3588,"M",175,465,58.5,72.6,192,"ADULT",NA,NA,98,"NMDGF",NA
"329","2",0098-10-24,1998,"Antigone canadensis canadensis",2721,"F",159,439,53,67.3,183,"ADULT",NA,NA,98,"NMDGF",NA
"330","2",0098-10-24,1998,"Antigone canadensis canadensis",2580,"F",156,429,50.4,62.9,167,"ADULT",NA,NA,98,"NMDGF",NA
"331","2",0098-10-24,1998,"Antigone canadensis canadensis",3091,"F",159,444,59.6,74.3,191,"ADULT",NA,NA,98,"NMDGF",NA
"332","2",0098-10-25,1998,"Antigone canadensis canadensis",2929,"M",173,450,59.3,72.1,190,"ADULT",NA,NA,98,"NMDGF",NA
"333","2",0098-10-25,1998,"Antigone canadensis canadensis",3391,"M",175,476,63.1,79.6,200,"ADULT",NA,NA,98,"NMDGF",NA
"334","2",0098-12-12,1998,"Antigone canadensis canadensis",3148,"F",166,441,52,63.5,165,"ADULT",NA,NA,98,"NMDGF",NA
"335","2",0098-12-12,1998,"Antigone canadensis canadensis",3971,"M",177,482,57.9,73.7,202,"ADULT",NA,NA,98,"NMDGF",NA
"336","2",0098-12-12,1998,"Antigone canadensis canadensis",3035,"F",159,453,55.5,67.9,182,"ADULT",NA,NA,98,"NMDGF",NA
"337","2",0098-12-12,1998,"Antigone canadensis canadensis",3872,"M",179,497,61.6,74.2,207,"ADULT",NA,NA,98,"NMDGF",NA
"338","2",0099-01-02,1998,"Antigone canadensis canadensis",2941,"F",179,449,54.4,66.1,176,"ADULT",NA,NA,99,"NMDGF",NA
"339","2",0099-01-02,1998,"Antigone canadensis canadensis",3760,"M",165,469,68,83.1,192,"ADULT",NA,NA,99,"NMDGF",NA
"340","2",0099-10-23,1999,"Antigone canadensis canadensis",2872,"F",163,448,51.9,64.8,184,"ADULT",NA,NA,99,"NMDGF",NA
"341","3",0099-10-23,1999,"Antigone canadensis canadensis",3177,"F",162,449,51.5,66.5,190,"ADULT",NA,NA,99,"NMDGF",NA
"342","2",0099-10-23,1999,"Antigone canadensis canadensis",3026,"F",164,450,56,71.9,181,"ADULT",NA,NA,99,"NMDGF",NA
"343","2",0099-10-23,1999,"Antigone canadensis canadensis",2961,"F",155,415,53.8,69.8,172,"ADULT",NA,NA,99,"NMDGF",NA
"344","2",0099-10-23,1999,"Antigone canadensis canadensis",3424,"F",162,459,57.7,74,211,"ADULT",NA,NA,99,"NMDGF",NA
"345","2",0099-10-23,1999,"Antigone canadensis canadensis",3018,"F",160,451,51.6,65.3,186,"ADULT",NA,NA,99,"NMDGF",NA
"346","2",0099-10-23,1999,"Antigone canadensis canadensis",2968,"F",168,446,53.4,67.3,180,"ADULT",NA,NA,99,"NMDGF",NA
"347","3",0099-10-23,1999,"Antigone canadensis canadensis",3027,"F",170,469,55.9,69.2,187,"ADULT",NA,NA,99,"NMDGF",NA
"348","3",0099-10-23,1999,"Antigone canadensis canadensis",3299,"F",164,460,55.8,69.6,207,"ADULT",NA,NA,99,"NMDGF",NA
"349","3",0099-10-23,1999,"Antigone canadensis canadensis",3097,"F",166,458,59,77.3,212,"ADULT",NA,NA,99,"NMDGF",NA
"350","3",0099-10-23,1999,"Antigone canadensis canadensis",3186,"F",170,427,59.6,73,187,"ADULT",NA,NA,99,"NMDGF",NA
"351","3",0099-10-23,1999,"Antigone canadensis canadensis",3247,"M",163,442,63.5,76.3,160,"ADULT",NA,NA,99,"NMDGF",NA
"352","2",0099-10-23,1999,"Antigone canadensis canadensis",3567,"M",176,476,63.2,76.1,199,"ADULT",NA,NA,99,"NMDGF",NA
"353","2",0099-10-23,1999,"Antigone canadensis canadensis",3277,"M",162,451,59,73.8,171,"ADULT",NA,NA,99,"NMDGF",NA
"354","2",0099-10-23,1999,"Antigone canadensis canadensis",3649,"M",168,477,57.8,75.4,214,"ADULT",NA,NA,99,"NMDGF",NA
"355","2",0099-10-23,1999,"Antigone canadensis canadensis",3544,"M",178,476,56.1,71.2,192,"ADULT",NA,NA,99,"NMDGF",NA
"356","2",0099-10-23,1999,"Antigone canadensis canadensis",3290,"M",169,475,53.9,67.8,178,"ADULT",NA,NA,99,"NMDGF",NA
"357","2",0099-10-24,1999,"Antigone canadensis canadensis",3037,"F",154,436,51.1,61.5,171,"ADULT",NA,NA,99,"NMDGF",NA
"358","3",0099-10-24,1999,"Antigone canadensis canadensis",2926,"F",163,438,55.1,68.4,175,"ADULT",NA,NA,99,"NMDGF",NA
"359","2",0099-10-24,1999,"Antigone canadensis canadensis",2621,"F",155,424,NA,62,164,"ADULT",NA,NA,99,"NMDGF",NA
"360","2",0099-10-24,1999,"Antigone canadensis canadensis",3719,"M",181,475,56.9,70.4,205,"ADULT",NA,NA,99,"NMDGF",NA
"361","2",0099-10-24,1999,"Antigone canadensis canadensis",3680,"M",160,454,60.5,76.8,197,"ADULT",NA,NA,99,"NMDGF",NA
"362","2",0099-10-24,1999,"Antigone canadensis canadensis",3421,"M",172,485,54,70.2,188,"ADULT",NA,NA,99,"NMDGF",NA
"363","3",0099-10-24,1999,"Antigone canadensis canadensis",3198,"M",167,457,56,69,185,"ADULT",NA,NA,99,"NMDGF",NA
"364","2",0099-11-20,1999,"Antigone canadensis canadensis",3442,"F",151,432,57.2,73.4,195,"ADULT",NA,NA,99,"NMDGF",NA
"365","2",0099-11-20,1999,"Antigone canadensis canadensis",3433,"F",153,455,52.9,66.4,185,"ADULT",NA,NA,99,"NMDGF",NA
"366","2",0099-11-20,1999,"Antigone canadensis canadensis",3595,"M",169,457,56.4,73.6,189,"ADULT",NA,NA,99,"NMDGF",NA
"367","2",0099-11-20,1999,"Antigone canadensis canadensis",3667,"M",184,469,58.5,72.9,192,"ADULT",NA,NA,99,"NMDGF",NA
"368","2",0099-11-20,1999,"Antigone canadensis canadensis",3948,"M",176,463,61.7,77.2,196,"ADULT",NA,NA,99,"NMDGF",NA
"369","2",0099-11-20,1999,"Antigone canadensis canadensis",NA,"M",180,451,55.1,67.7,192,"ADULT",NA,NA,99,"NMDGF",NA
"370","3",0099-11-20,1999,"Antigone canadensis canadensis",NA,"M",168,449,58.8,70.4,193,"ADULT",NA,NA,99,"NMDGF",NA
"371","2",0099-11-21,1999,"Antigone canadensis canadensis",3801,"F",147,420,56.1,71.1,174,"ADULT",NA,NA,99,"NMDGF",NA
"372","2",0099-12-11,1999,"Antigone canadensis canadensis",3457,"M",162,467,68.2,82.4,192,"ADULT",NA,NA,99,"NMDGF",NA
"373","2",0000-01-08,1999,"Antigone canadensis canadensis",3089,"F",158,433,53,66,195,"ADULT",NA,NA,0,"NMDGF",NA
"374","2",0000-01-08,1999,"Antigone canadensis canadensis",2850,"F",163,464,59.9,72.9,180,"ADULT",NA,NA,0,"NMDGF",NA
"375","2",0000-01-08,1999,"Antigone canadensis canadensis",3758,"M",182,484,59.2,72.4,183,"ADULT",NA,NA,0,"NMDGF",NA
"376","2",0000-01-08,1999,"Antigone canadensis canadensis",3876,"M",180,478,57.6,70.7,175,"ADULT",NA,NA,0,"NMDGF",NA
"377","2",0000-01-08,1999,"Antigone canadensis canadensis",3599,"M",177,489,64.2,75.8,191,"ADULT",NA,NA,0,"NMDGF",NA
"378","2",0000-01-08,1999,"Antigone canadensis canadensis",3265,"M",164,477,58.7,74.3,181,"ADULT",NA,NA,0,"NMDGF",NA
"379","2",0000-01-09,1999,"Antigone canadensis canadensis",2786,"F",148,416,56.3,69.1,155,"ADULT",NA,NA,0,"NMDGF",NA
"380","2",0000-01-09,1999,"Antigone canadensis canadensis",3728,"M",166,460,61.7,76.8,194,"ADULT",NA,NA,0,"NMDGF",NA
"381","2",0000-10-28,2000,"Antigone canadensis canadensis",3407,"M",163,NA,57,74,192,"ADULT",NA,NA,0,"NMDGF",NA
"382","3",0000-10-28,2000,"Antigone canadensis canadensis",3305,"M",169,443,55.5,68.9,193,"ADULT",NA,NA,0,"NMDGF",NA
"383","3",0000-10-29,2000,"Antigone canadensis canadensis",2945,"F",162,412,52.8,65.3,182,"ADULT",NA,NA,0,"NMDGF",NA
"384","3",0000-10-29,2000,"Antigone canadensis canadensis",3776,"M",170,446,62.3,76.2,192,"ADULT",NA,NA,0,"NMDGF",NA
"385","3",0000-11-18,2000,"Antigone canadensis canadensis",3396,"M",170,435,57,68.8,183,"ADULT",NA,NA,0,"NMDGF",NA
"386","2",0000-12-09,2000,"Antigone canadensis canadensis",3950,"F",NA,496,NA,NA,202,"ADULT",NA,NA,0,"NMDGF",NA
"387","2",0001-01-13,2000,"Antigone canadensis canadensis",NA,"M",179,495,66.4,78.1,192,"ADULT",NA,NA,1,"NMDGF",NA
"388","2",0001-01-13,2000,"Antigone canadensis canadensis",3677,"M",159,465,58,74.4,214,"ADULT",NA,NA,1,"NMDGF",NA
"389","2",0001-01-13,2000,"Antigone canadensis canadensis",3724,"M",175,479,59.5,74.1,185,"ADULT",NA,NA,1,"NMDGF",NA
"390","2",0001-01-14,2000,"Antigone canadensis canadensis",3367,"F",150,427,57.4,71.4,195,"ADULT",NA,NA,1,"NMDGF",NA
"391","2",0001-01-14,2000,"Antigone canadensis canadensis",3880,"M",171,465,62.2,78.8,217,"ADULT",NA,NA,1,"NMDGF",NA
"392","2",0001-01-14,2000,"Antigone canadensis canadensis",NA,"M",181,499,59.2,74.8,200,"ADULT",NA,NA,1,"NMDGF",NA
"393","2",0001-01-14,2000,"Antigone canadensis canadensis",3369,"F",169,451,54.5,68.1,182,"ADULT",NA,NA,1,"NMDGF",NA
"394","2",0001-10-27,2001,"Antigone canadensis canadensis",3163,"F",NA,450,52,65,197,"ADULT",NA,NA,1,"NMDGF",NA
"395","2",0001-10-27,2001,"Antigone canadensis canadensis",3554,"M",171,473,57,70.4,188,"ADULT",NA,NA,1,"NMDGF",NA
"396","2",0001-10-27,2001,"Antigone canadensis canadensis",3270,"F",159,469,57,72,206,"ADULT",NA,NA,1,"NMDGF",NA
"397","3",0001-10-27,2001,"Antigone canadensis canadensis",3717,"M",170,465,61.8,79.4,217,"ADULT",NA,NA,1,"NMDGF",NA
"398","2",0001-10-27,2001,"Antigone canadensis canadensis",3736,"M",165,473,55.7,71.2,196,"ADULT",NA,NA,1,"NMDGF",NA
"399","2",0001-10-27,2001,"Antigone canadensis canadensis",3637,"M",173,487,61.9,77,189,"ADULT",NA,NA,1,"NMDGF",NA
"400","2",0001-10-27,2001,"Antigone canadensis canadensis",3383,"M",165,444,59.3,72.7,186,"ADULT",NA,NA,1,"NMDGF",NA
"401","3",0001-10-28,2001,"Antigone canadensis canadensis",3374,"F",168,470,57.7,68.7,185,"ADULT",NA,NA,1,"NMDGF",NA
"402","3",0001-10-28,2001,"Antigone canadensis canadensis",3121,"F",155,439,58.8,76.2,180,"ADULT",NA,NA,1,"NMDGF",NA
"403","2",0001-10-28,2001,"Antigone canadensis canadensis",3652,"M",181,467,57.7,72.9,189,"ADULT",NA,NA,1,"NMDGF",NA
"404","2",0001-10-28,2001,"Antigone canadensis canadensis",3478,"F",175,467,59.1,76.6,199,"ADULT",NA,NA,1,"NMDGF",NA
"405","2",0001-11-17,2001,"Antigone canadensis canadensis",2972,"F",161,449,54.2,67,174,"ADULT",NA,NA,1,"NMDGF",NA
"406","2",0001-11-17,2001,"Antigone canadensis canadensis",2662,"F",158,431,58.1,70.1,166,"ADULT",NA,NA,1,"NMDGF",NA
"407","2",0001-11-17,2001,"Antigone canadensis canadensis",3203,"M",176,463,57.7,71.5,192,"ADULT",NA,NA,1,"NMDGF",NA
"408","2",0001-11-17,2001,"Antigone canadensis canadensis",2994,"F",160,422,62.1,71.9,183,"ADULT",NA,NA,1,"NMDGF",NA
"409","3",0001-11-18,2001,"Antigone canadensis canadensis",3264,"M",175,462,57.9,67.9,180,"ADULT",NA,NA,1,"NMDGF",NA
"410","2",0001-11-18,2001,"Antigone canadensis canadensis",3197,"F",164,432,57.8,71,187,"ADULT",NA,NA,1,"NMDGF",NA
"411","2",0001-11-18,2001,"Antigone canadensis canadensis",3151,"F",154,441,54.7,70.7,180,"ADULT",NA,NA,1,"NMDGF",NA
"412","2",0001-12-08,2001,"Antigone canadensis canadensis",2936,"F",167,422,56,70.7,181,"ADULT",NA,NA,1,"NMDGF",NA
"413","2",0001-12-08,2001,"Antigone canadensis canadensis",3663,"M",165,475,57.7,69.8,177,"ADULT",NA,NA,1,"NMDGF",NA
"414","2",0002-01-12,2001,"Antigone canadensis canadensis",3106,"F",165,443,54.1,62.9,164,"ADULT",NA,NA,2,"NMDGF",NA
"415","2",0002-01-13,2001,"Antigone canadensis canadensis",3009,"F",161,NA,58.4,70.5,186,"ADULT",NA,NA,2,"NMDGF",NA
"416","2",0002-10-28,2002,"Antigone canadensis canadensis",3201,"F",165,429,65,83.4,188,"ADULT",NA,NA,2,"NMDGF",NA
"417","3",0003-10-25,2003,"Antigone canadensis canadensis",3346,"M",178,461,63.1,75.9,184,"ADULT",NA,NA,3,"NMDGF",NA
"418","3",0003-10-25,2003,"Antigone canadensis canadensis",3703,"M",186,483,64.9,77,205,"ADULT",NA,NA,3,"NMDGF",NA
"419","2",0003-10-25,2003,"Antigone canadensis canadensis",3549,"M",177,469,57.3,67.8,202,"ADULT",NA,NA,3,"NMDGF",NA
"420","2",0003-10-26,2003,"Antigone canadensis canadensis",3165,"M",175,440,61.6,77.4,180,"ADULT",NA,NA,3,"NMDGF",NA
"421","3",0003-10-26,2003,"Antigone canadensis canadensis",3392,"M",171,453,61,75.6,192,"ADULT",NA,NA,3,"NMDGF",NA
"422","3",0003-10-26,2003,"Antigone canadensis canadensis",3564,"M",180,480,62.1,73.7,192,"ADULT",NA,NA,3,"NMDGF",NA
"423","2",0003-10-26,2003,"Antigone canadensis canadensis",3265,"F",181,454,52.6,64,175,"ADULT",NA,NA,3,"NMDGF",NA
"424","2",0003-11-15,2003,"Antigone canadensis canadensis",2861,"F",162,425,57.2,68.3,166,"ADULT",NA,NA,3,"NMDGF",NA
"425","2",0003-11-15,2003,"Antigone canadensis canadensis",3356,"F",163,450,60.1,72.5,173,"ADULT",NA,NA,3,"NMDGF",NA
"426","3",0003-11-15,2003,"Antigone canadensis canadensis",2951,"F",170,457,61.2,72.8,174,"ADULT",NA,NA,3,"NMDGF",NA
"427","3",0003-11-15,2003,"Antigone canadensis canadensis",3117,"F",167,451,62.7,75.1,166,"ADULT",NA,NA,3,"NMDGF",NA
"428","3",0003-11-15,2003,"Antigone canadensis canadensis",3673,"M",178,455,60.5,72.2,201,"ADULT",NA,NA,3,"NMDGF",NA
"429","3",0003-11-15,2003,"Antigone canadensis canadensis",3295,"F",NA,444,55.1,65.7,188,"ADULT",NA,NA,3,"NMDGF",NA
"430","2",0003-11-15,2003,"Antigone canadensis canadensis",3683,"M",169,473,64.7,72.9,190,"ADULT",NA,NA,3,"NMDGF",NA
"431","3",0003-12-06,2003,"Antigone canadensis canadensis",3247,"M",167,444,56.7,65.8,187,"ADULT",NA,NA,3,"NMDGF",NA
"432","2",0003-12-06,2003,"Antigone canadensis canadensis",3092,"F",160,448,59.1,68.1,165,"ADULT",NA,NA,3,"NMDGF",NA
"433","2",0003-12-07,2003,"Antigone canadensis canadensis",3526,"M",176,456,56.4,68.7,186,"ADULT",NA,NA,3,"NMDGF",NA
"434","3",0003-12-07,2003,"Antigone canadensis canadensis",2894,"F",159,435,55.6,64.7,164,"ADULT",NA,NA,3,"NMDGF",NA
"435","2",0003-12-07,2003,"Antigone canadensis canadensis",2996,"F",155,443,54.5,60.7,174,"ADULT",NA,NA,3,"NMDGF",NA
"436","2",0004-01-11,2003,"Antigone canadensis canadensis",3156,"F",175,456,60.6,73.8,182,"ADULT",NA,NA,4,"NMDGF",NA
"437","2",0004-01-11,2003,"Antigone canadensis canadensis",3253,"F",170,467,61.3,72.5,192,"ADULT",NA,NA,4,"NMDGF",NA
"438","2",0004-10-30,2004,"Antigone canadensis canadensis",3205,"M",175,456,61.8,74.1,205,"ADULT",NA,NA,4,"NMDGF",NA
"439","3",0004-10-30,2004,"Antigone canadensis canadensis",3224,"M",171,477,55.1,68.1,207,"IMMATURE",NA,NA,4,"NMDGF",NA
"440","2",0004-10-31,2004,"Antigone canadensis canadensis",3198,"F",162,433,57.2,67.3,190,"ADULT",NA,NA,4,"NMDGF",NA
"441","2",0004-10-31,2004,"Antigone canadensis canadensis",3030,"F",156,445,57.3,66,192,"ADULT",NA,NA,4,"NMDGF",NA
"442","3",0004-11-20,2004,"Antigone canadensis canadensis",3522,"F",178,451,64,77.1,199,"ADULT",NA,NA,4,"NMDGF",NA
"443","2",0004-11-20,2004,"Antigone canadensis canadensis",NA,"M",167,452,66.6,79.1,203,"ADULT",NA,NA,4,"NMDGF",NA
"444","2",0004-11-20,2004,"Antigone canadensis canadensis",3357,"M",166,447,57.9,69.4,197,"ADULT",NA,NA,4,"NMDGF",NA
"445","3",0004-11-21,2004,"Antigone canadensis canadensis",3512,"M",178,473,61.6,74,190,"ADULT",NA,NA,4,"NMDGF",NA
"446","3",0004-11-21,2004,"Antigone canadensis canadensis",2823,"F",147,432,53.6,62.3,177,"IMMATURE",NA,NA,4,"NMDGF",NA
"447","2",0004-12-12,2004,"Antigone canadensis canadensis",3033,"F",175,462,52.3,64.3,170,"ADULT",NA,NA,4,"NMDGF",NA
"448","2",0004-12-12,2004,"Antigone canadensis canadensis",3696,"M",164,472,54.8,60.8,186,"ADULT",NA,NA,4,"NMDGF",NA
"449","3",0004-12-12,2004,"Antigone canadensis canadensis",NA,"M",176,501,58.4,68.5,205,"IMMATURE",NA,NA,4,"NMDGF",NA
"450","2",0005-01-16,2004,"Antigone canadensis canadensis",3371,"M",169,443,56.7,68.7,186,"ADULT",NA,NA,5,"NMDGF",NA
"451","3",0005-01-16,2004,"Antigone canadensis canadensis",3171,"F",164,440,58.7,67.8,169,"ADULT",NA,NA,5,"NMDGF",NA
"452","3",0005-11-05,2005,"Antigone canadensis canadensis",3320,"M",169,449,55.6,66.5,186,"ADULT",NA,NA,5,"NMDGF",NA
"453","3",0005-11-05,2005,"Antigone canadensis canadensis",3516,"M",182,491,59.4,70.4,193,"ADULT",NA,NA,5,"NMDGF",NA
"454","2",0005-11-05,2005,"Antigone canadensis canadensis",3693,"M",175,479,67.2,80.4,207,"ADULT",NA,NA,5,"NMDGF",NA
"455","3",0005-11-05,2005,"Antigone canadensis canadensis",3136,"F",162,460,59.9,70.3,179,"ADULT",NA,NA,5,"NMDGF",NA
"456","3",0005-11-05,2005,"Antigone canadensis canadensis",3126,"M",177,475,58.8,72.9,194,"ADULT",NA,NA,5,"NMDGF",NA
"457","2",0005-11-05,2005,"Antigone canadensis canadensis",2561,"F",156,453,56.6,66.7,163,"ADULT",NA,NA,5,"NMDGF",NA
"458","3",0005-11-05,2005,"Antigone canadensis canadensis",3264,"M",167,456,61.7,72.5,170,"ADULT",NA,NA,5,"NMDGF",NA
"459","2",0005-11-05,2005,"Antigone canadensis canadensis",3295,"M",160,452,67.8,80.6,203,"ADULT",NA,NA,5,"NMDGF",NA
"460","2",0005-11-05,2005,"Antigone canadensis canadensis",3354,"M",173,457,58.8,68.8,182,"ADULT",NA,NA,5,"NMDGF",NA
"461","2",0005-11-05,2005,"Antigone canadensis canadensis",3317,"M",176,460,58.3,69.1,171,"ADULT",NA,NA,5,"NMDGF",NA
"462","3",0005-11-05,2005,"Antigone canadensis canadensis",3579,"M",180,456,65,76.5,174,"AQ",NA,NA,5,"NMDGF",NA
"463","2",0005-11-06,2005,"Antigone canadensis canadensis",NA,"M",176,479,61.8,73.8,192,"ADULT",NA,NA,5,"NMDGF",NA
"464","3",0005-11-19,2005,"Antigone canadensis canadensis",3450,"F",175,481,64.1,74.4,204,"ADULT",NA,NA,5,"NMDGF",NA
"465","3",0005-11-19,2005,"Antigone canadensis canadensis",3378,"M",165,456,63.7,73.9,197,"ADULT",NA,NA,5,"NMDGF",NA
"466","3",0005-11-19,2005,"Antigone canadensis canadensis",2918,"F",161,450,63.3,73.7,183,"ADULT",NA,NA,5,"NMDGF",NA
"467","3",0005-11-19,2005,"Antigone canadensis canadensis",2961,"F",160,430,58.1,69.6,181,"ADULT",NA,NA,5,"NMDGF",NA
"468","3",0005-11-19,2005,"Antigone canadensis canadensis",3538,"M",171,452,63.3,75.8,198,"ADULT",NA,NA,5,"NMDGF",NA
"469","2",0005-11-20,2005,"Antigone canadensis canadensis",NA,"M",171,484,67.6,78.7,186,"ADULT",NA,NA,5,"NMDGF",NA
"470","2",0006-01-14,2005,"Antigone canadensis canadensis",3812,"M",175,477,NA,82.2,206,"ADULT",NA,NA,6,"NMDGF",NA
"471","2",0006-01-14,2005,"Antigone canadensis canadensis",3093,"F",172,459,60.6,72.2,170,"ADULT",NA,NA,6,"NMDGF",NA
"472","2",0006-01-14,2005,"Antigone canadensis canadensis",3114,"F",158,447,55.7,65.4,183,"ADULT",NA,NA,6,"NMDGF",NA
"473","3",0006-01-14,2005,"Antigone canadensis canadensis",3251,"F",156,443,56.2,65.5,183,"ADULT",NA,NA,6,"NMDGF",NA
"474","3",0006-01-14,2005,"Antigone canadensis canadensis",3247,"F",159,452,61.2,71.4,174,"ADULT",NA,NA,6,"NMDGF",NA
"475","2",0006-01-14,2005,"Antigone canadensis canadensis",2963,"F",169,434,61.4,75.4,197,"ADULT",NA,NA,6,"NMDGF",NA
"476","2",0006-01-15,2005,"Antigone canadensis canadensis",3884,"M",180,494,NA,82.4,208,"ADULT",NA,NA,6,"NMDGF",NA
"477","3",0006-10-28,2006,"Antigone canadensis canadensis",2887,"F",160,460,58.5,68.5,190,"ADULT",NA,NA,6,"NMDGF",NA
"478","2",0006-10-28,2006,"Antigone canadensis canadensis",2762,"F",155,435,54.9,67.4,185,"ADULT",NA,NA,6,"NMDGF",NA
"479","2",0006-10-28,2006,"Antigone canadensis canadensis",3473,"F",165,460,66.9,76.3,195,"ADULT",NA,NA,6,"NMDGF",NA
"480","3",0006-10-28,2006,"Antigone canadensis canadensis",2854,"M",159,455,58,72.1,190,"ADULT",NA,NA,6,"NMDGF",NA
"481","2",0006-10-28,2006,"Antigone canadensis canadensis",3087,"F",175,430,50.1,60.5,190,"IMMATURE",NA,NA,6,"NMDGF",NA
"482","2",0006-10-28,2006,"Antigone canadensis canadensis",2900,"F",180,450,54.2,63.1,180,"IMMATURE",NA,NA,6,"NMDGF",NA
"483","2",0006-10-28,2006,"Antigone canadensis canadensis",3702,"M",165,450,52,72,210,"IMMATURE",NA,NA,6,"NMDGF",NA
"484","2",0006-10-28,2006,"Antigone canadensis canadensis",3181,"M",156,450,60.9,73,193,"IMMATURE",NA,NA,6,"NMDGF",NA
"485","2",0006-10-29,2006,"Antigone canadensis canadensis",2816,"F",155,435,55.7,70.4,183,"ADULT",NA,NA,6,"NMDGF",NA
"486","2",0006-10-29,2006,"Antigone canadensis canadensis",3676,"M",170,480,64.7,73.6,210,"ADULT",NA,NA,6,"NMDGF",NA
"487","2",0006-10-29,2006,"Antigone canadensis canadensis",2567,"F",166,430,58.2,69.2,178,"IMMATURE",NA,NA,6,"NMDGF",NA
"488","2",0006-10-29,2006,"Antigone canadensis canadensis",3493,"M",163,475,63.8,75.1,203,"IMMATURE",NA,NA,6,"NMDGF",NA
"489","2",0006-10-29,2006,"Antigone canadensis canadensis",2918,"M",148,450,55.6,66.4,183,"IMMATURE",NA,NA,6,"NMDGF",NA
"490","2",0006-11-18,2006,"Antigone canadensis canadensis",NA,"F",153,432,55.8,65.7,173,"ADULT",NA,NA,6,"NMDGF",NA
"491","3",0006-11-18,2006,"Antigone canadensis canadensis",3063,"F",171,455,NA,60.4,195,"ADULT",NA,NA,6,"NMDGF",NA
"492","2",0006-11-18,2006,"Antigone canadensis canadensis",3291,"F",164,456,58.4,68.5,186,"ADULT",NA,NA,6,"NMDGF",NA
"493","2",0006-11-18,2006,"Antigone canadensis canadensis",2879,"F",160,430,57.4,66.7,173,"ADULT",NA,NA,6,"NMDGF",NA
"494","2",0006-11-18,2006,"Antigone canadensis canadensis",2981,"F",150,451,54.3,64.2,168,"IMMATURE",NA,NA,6,"NMDGF",NA
"495","3",0006-11-18,2006,"Antigone canadensis canadensis",2793,"F",162,442,50.6,60.6,177,"IMMATURE",NA,NA,6,"NMDGF",NA
"496","2",0006-11-18,2006,"Antigone canadensis canadensis",3132,"M",169,461,60,73.6,192,"IMMATURE",NA,NA,6,"NMDGF",NA
"497","2",0006-11-19,2006,"Antigone canadensis canadensis",3360,"F",158,442,61.8,70.1,198,"ADULT",NA,NA,6,"NMDGF",NA
"498","3",0006-11-19,2006,"Antigone canadensis canadensis",3270,"F",166,449,63.9,72.1,182,"ADULT",NA,NA,6,"NMDGF",NA
"499","2",0006-11-19,2006,"Antigone canadensis canadensis",3355,"F",161,436,53.9,62.2,174,"ADULT",NA,NA,6,"NMDGF",NA
"500","2",0006-11-19,2006,"Antigone canadensis canadensis",3170,"F",168,453,63.8,71.5,193,"ADULT",NA,NA,6,"NMDGF",NA
"501","2",0006-11-19,2006,"Antigone canadensis canadensis",3263,"F",167,461,50.7,60.9,191,"ADULT",NA,NA,6,"NMDGF",NA
"502","2",0006-11-19,2006,"Antigone canadensis canadensis",2595,"F",162,419,57.2,65.3,159,"ADULT",NA,NA,6,"NMDGF",NA
"503","2",0006-11-19,2006,"Antigone canadensis canadensis",3161,"F",178,460,61.3,71.2,164,"ADULT",NA,NA,6,"NMDGF",NA
"504","2",0006-11-19,2006,"Antigone canadensis canadensis",3587,"M",185,487,65.2,76.8,191,"ADULT",NA,NA,6,"NMDGF",NA
"505","2",0006-11-19,2006,"Antigone canadensis canadensis",3149,"M",167,468,69.8,81.3,167,"ADULT",NA,NA,6,"NMDGF",NA
"506","2",0006-11-19,2006,"Antigone canadensis canadensis",3393,"M",155,461,61.6,71.4,189,"ADULT",NA,NA,6,"NMDGF",NA
"507","2",0006-11-19,2006,"Antigone canadensis canadensis",3228,"M",166,467,62.1,73.8,174,"ADULT",NA,NA,6,"NMDGF",NA
"508","2",0006-11-19,2006,"Antigone canadensis canadensis",3821,"M",169,472,67.5,78.5,190,"ADULT",NA,NA,6,"NMDGF",NA
"509","2",0006-11-19,2006,"Antigone canadensis canadensis",3589,"M",187,491,62.3,71.5,174,"ADULT",NA,NA,6,"NMDGF",NA
"510","2",0006-11-19,2006,"Antigone canadensis canadensis",3705,"M",170,471,61.3,72.5,197,"ADULT",NA,NA,6,"NMDGF",NA
"511","2",0006-11-19,2006,"Antigone canadensis canadensis",2643,"F",NA,412,55.8,63.6,171,"IMMATURE",NA,NA,6,"NMDGF",NA
"512","3",0006-11-19,2006,"Antigone canadensis canadensis",3719,"M",159,449,NA,70.2,205,"IMMATURE",NA,NA,6,"NMDGF",NA
"513","2",0006-12-09,2006,"Antigone canadensis canadensis",2989,"F",166,448,64.1,73.7,173,"ADULT",NA,NA,6,"NMDGF",NA
"514","2",0006-12-09,2006,"Antigone canadensis canadensis",3303,"F",153,452,59.7,69.1,176,"ADULT",NA,NA,6,"NMDGF",NA
"515","2",0006-12-09,2006,"Antigone canadensis canadensis",2995,"F",159,447,54.2,70.9,182,"ADULT",NA,NA,6,"NMDGF",NA
"516","2",0006-12-09,2006,"Antigone canadensis canadensis",3813,"M",174,463,64.7,75.5,180,"ADULT",NA,NA,6,"NMDGF",NA
"517","3",0006-12-09,2006,"Antigone canadensis canadensis",3703,"M",179,477,61.6,71.5,204,"ADULT",NA,NA,6,"NMDGF",NA
"518","3",0006-12-09,2006,"Antigone canadensis canadensis",3983,"M",170,446,60,72.3,184,"ADULT",NA,NA,6,"NMDGF",NA
"519","2",0006-12-09,2006,"Antigone canadensis canadensis",2886,"F",154,430,56.4,66.2,161,"IMMATURE",NA,NA,6,"NMDGF",NA
"520","2",0006-12-10,2006,"Antigone canadensis canadensis",3446,"F",170,446,67.1,77.4,193,"ADULT",NA,NA,6,"NMDGF",NA
"521","2",0006-12-10,2006,"Antigone canadensis canadensis",3417,"F",164,426,59.6,70,184,"ADULT",NA,NA,6,"NMDGF",NA
"522","3",0006-12-10,2006,"Antigone canadensis canadensis",3900,"M",172,458,62.2,71.6,201,"ADULT",NA,NA,6,"NMDGF",NA
"523","2",0006-12-10,2006,"Antigone canadensis canadensis",3523,"M",172,451,NA,82.5,179,"ADULT",NA,NA,6,"NMDGF",NA
"524","2",0006-12-10,2006,"Antigone canadensis canadensis",3524,"M",174,489,64.2,73.8,187,"ADULT",NA,NA,6,"NMDGF",NA
"525","2",0006-12-10,2006,"Antigone canadensis canadensis",3868,"M",171,470,60.7,69.5,170,"ADULT",NA,NA,6,"NMDGF",NA
"526","2",0006-12-10,2006,"Antigone canadensis canadensis",2990,"F",142,419,50.2,60.5,156,"IMMATURE",NA,NA,6,"NMDGF",NA
"527","2",0007-01-13,2006,"Antigone canadensis canadensis",3102,"F",154,432,57.3,68.6,180,"ADULT",NA,NA,7,"NMDGF",NA
"528","2",0007-01-13,2006,"Antigone canadensis canadensis",2945,"F",161,448,59.7,71,192,"ADULT",NA,NA,7,"NMDGF",NA
"529","2",0007-01-13,2006,"Antigone canadensis canadensis",3426,"M",166,465,60.2,68,184,"ADULT",NA,NA,7,"NMDGF",NA
"530","2",0007-01-13,2006,"Antigone canadensis canadensis",3665,"M",179,491,60.8,71.7,204,"ADULT",NA,NA,7,"NMDGF",NA
"531","2",0007-01-13,2006,"Antigone canadensis canadensis",3248,"M",172,460,63.8,73.5,197,"ADULT",NA,NA,7,"NMDGF",NA
"532","2",0007-01-13,2006,"Antigone canadensis canadensis",3624,"M",175,456,69,80.2,208,"ADULT",NA,NA,7,"NMDGF",NA
"533","2",0007-01-13,2006,"Antigone canadensis canadensis",2619,"F",151,426,57.1,65.9,174,"IMMATURE",NA,NA,7,"NMDGF",NA
"534","2",0007-01-13,2006,"Antigone canadensis canadensis",3069,"M",147,435,58.1,70.9,186,"IMMATURE",NA,NA,7,"NMDGF",NA
"535","2",0007-01-14,2006,"Antigone canadensis canadensis",3517,"F",167,465,60.6,73.5,197,"ADULT",NA,NA,7,"NMDGF",NA
"536","2",0007-01-14,2006,"Antigone canadensis canadensis",NA,"F",161,437,56.5,69.6,188,"ADULT",NA,NA,7,"NMDGF",NA
"537","2",0007-01-14,2006,"Antigone canadensis canadensis",3052,"F",163,456,61.1,69.2,192,"ADULT",NA,NA,7,"NMDGF",NA
"538","3",0007-01-14,2006,"Antigone canadensis canadensis",3546,"F",155,445,64.9,78,184,"ADULT",NA,NA,7,"NMDGF",NA
"539","2",0007-01-14,2006,"Antigone canadensis canadensis",3732,"M",170,474,56.2,67,180,"ADULT",NA,NA,7,"NMDGF",NA
"540","2",0007-01-14,2006,"Antigone canadensis canadensis",3793,"M",170,460,59.5,74.3,185,"ADULT",NA,NA,7,"NMDGF",NA
"541","2",0007-01-14,2006,"Antigone canadensis canadensis",2988,"F",156,431,51.9,62.3,167,"IMMATURE",NA,NA,7,"NMDGF",NA
"542","3",0007-10-27,2007,"Antigone canadensis canadensis",3090,"F",160,449,59.2,67.4,170,"ADULT",NA,NA,7,"NMDGF",NA
"543","3",0007-10-27,2007,"Antigone canadensis canadensis",3650,"M",168,478,66,77.5,192,"ADULT",NA,NA,7,"NMDGF",NA
"544","2",0007-10-27,2007,"Antigone canadensis canadensis",2977,"F",159,446,58.9,68.9,198,"ADULT",NA,NA,7,"NMDGF",NA
"545","2",0007-10-27,2007,"Antigone canadensis canadensis",2706,"F",NA,464,NA,60,NA,"ADULT",NA,NA,7,"NMDGF",NA
"546","2",0007-10-27,2007,"Antigone canadensis canadensis",2729,"F",163,418,60.9,70.6,190,"ADULT",NA,NA,7,"NMDGF",NA
"547","3",0007-10-27,2007,"Antigone canadensis canadensis",3099,"F",167,447,66.2,78.7,NA,"ADULT",NA,NA,7,"NMDGF",NA
"548","3",0007-10-27,2007,"Antigone canadensis canadensis",3414,"M",173,485,62.4,72.5,184,"ADULT",NA,NA,7,"NMDGF",NA
"549","2",0007-10-27,2007,"Antigone canadensis canadensis",2814,"M",174,471,65.7,77.5,186,"ADULT",NA,NA,7,"NMDGF",NA
"550","2",0007-10-28,2007,"Antigone canadensis canadensis",2832,"M",NA,473,63.8,74.3,176,"ADULT",NA,NA,7,"NMDGF",NA
"551","2",0007-10-28,2007,"Antigone canadensis canadensis",3435,"M",174,473,66.2,75.5,204,"ADULT",NA,NA,7,"NMDGF",NA
"552","3",0007-10-28,2007,"Antigone canadensis canadensis",3095,"F",176,457,60.7,70.7,196,"ADULT",NA,NA,7,"NMDGF",NA
"553","3",0007-10-28,2007,"Antigone canadensis canadensis",3369,"F",164,464,57.5,66.1,196,"ADULT",NA,NA,7,"NMDGF",NA
"554","2",0007-10-28,2007,"Antigone canadensis canadensis",3228,"M",162,464,57.4,67.5,203,"ADULT",NA,NA,7,"NMDGF",NA
"555","2",0007-10-28,2007,"Antigone canadensis canadensis",3258,"F",172,461,63,75.8,182,"ADULT",NA,NA,7,"NMDGF",NA
"556","3",0007-10-28,2007,"Antigone canadensis canadensis",3251,"F",154,440,62.5,72.5,197,"ADULT",NA,NA,7,"NMDGF",NA
"557","2",0007-10-28,2007,"Antigone canadensis canadensis",3974,"M",187,500,67.3,76.1,202,"ADULT",NA,NA,7,"NMDGF",NA
"558","3",0007-10-28,2007,"Antigone canadensis canadensis",3235,"M",159,471,59.4,70.7,192,"ADULT",NA,NA,7,"NMDGF",NA
"559","2",0007-10-28,2007,"Antigone canadensis canadensis",3380,"F",160,445,61.3,69.1,195,"ADULT",NA,NA,7,"NMDGF",NA
"560","2",0007-10-28,2007,"Antigone canadensis canadensis",3397,"M",171,463,60.8,70.9,NA,"ADULT",NA,NA,7,"NMDGF",NA
"561","3",0007-10-28,2007,"Antigone canadensis canadensis",3300,"M",181,465,64.4,78.2,191,"ADULT",NA,NA,7,"NMDGF",NA
"562","3",0007-10-28,2007,"Antigone canadensis canadensis",3652,"M",165,481,NA,82.3,208,"ADULT",NA,NA,7,"NMDGF",NA
"563","2",0007-10-28,2007,"Antigone canadensis canadensis",3237,"M",171,456,58.8,67.4,175,"ADULT",NA,NA,7,"NMDGF",NA
"564","3",0007-10-28,2007,"Antigone canadensis canadensis",3251,"M",172,469,61,69.3,180,"ADULT",NA,NA,7,"NMDGF",NA
"565","3",0007-10-28,2007,"Antigone canadensis canadensis",3122,"F",175,461,60.6,70.8,197,"ADULT",NA,NA,7,"NMDGF",NA
"566","2",0007-11-17,2007,"Antigone canadensis canadensis",3365,"M",159,462,62.5,74.3,191,"ADULT",NA,NA,7,"NMDGF",NA
"567","2",0007-11-17,2007,"Antigone canadensis canadensis",2779,"F",157,437,60.6,72.3,179,"ADULT",NA,NA,7,"NMDGF",NA
"568","3",0007-11-17,2007,"Antigone canadensis canadensis",3122,"F",161,430,56.2,66,189,"ADULT",NA,NA,7,"NMDGF",NA
"569","2",0007-11-17,2007,"Antigone canadensis canadensis",3883,"M",169,472,63.8,76.9,188,"ADULT",NA,NA,7,"NMDGF",NA
"570","3",0007-11-17,2007,"Antigone canadensis canadensis",3759,"M",172,473,57.7,67.5,186,"ADULT",NA,NA,7,"NMDGF",NA
"571","3",0007-11-17,2007,"Antigone canadensis canadensis",2995,"F",166,421,60.6,71.1,167,"ADULT",NA,NA,7,"NMDGF",NA
"572","3",0007-11-17,2007,"Antigone canadensis canadensis",3555,"M",184,470,63.9,74.1,186,"ADULT",NA,NA,7,"NMDGF",NA
"573","3",0007-11-17,2007,"Antigone canadensis canadensis",3553,"M",184,479,60.9,71.1,194,"ADULT",NA,NA,7,"NMDGF",NA
"574","3",0007-11-17,2007,"Antigone canadensis canadensis",3189,"F",166,458,NA,71.9,176,"ADULT",NA,NA,7,"NMDGF",NA
"575","3",0007-11-17,2007,"Antigone canadensis canadensis",3363,"F",160,444,67.5,77.6,188,"ADULT",NA,NA,7,"NMDGF",NA
"576","3",0007-11-18,2007,"Antigone canadensis canadensis",3309,"F",171,NA,60,70,177,"ADULT",NA,NA,7,"NMDGF",NA
"577","2",0007-11-18,2007,"Antigone canadensis canadensis",3461,"M",171,441,62.6,73.9,179,"ADULT",NA,NA,7,"NMDGF",NA
"578","3",0007-11-18,2007,"Antigone canadensis canadensis",3265,"M",160,453,60.9,72.7,189,"ADULT",NA,NA,7,"NMDGF",NA
"579","2",0007-12-08,2007,"Antigone canadensis canadensis",3427,"M",170,465,NA,79.1,200,"ADULT",NA,NA,7,"NMDGF",NA
"580","3",0007-12-08,2007,"Antigone canadensis canadensis",3077,"F",165,460,59.2,66.3,172,"ADULT",NA,NA,7,"NMDGF",NA
"581","2",0007-12-09,2007,"Antigone canadensis canadensis",2968,"F",166,467,62.5,72.5,196,"ADULT",NA,NA,7,"NMDGF",NA
"582","3",0007-12-09,2007,"Antigone canadensis canadensis",3841,"M",175,475,NA,80.7,200,"ADULT",NA,NA,7,"NMDGF",NA
"583","2",0007-12-09,2007,"Antigone canadensis canadensis",3372,"F",155,450,64,73.8,193,"ADULT",NA,NA,7,"NMDGF",NA
"584","2",0007-12-09,2007,"Antigone canadensis canadensis",2797,"F",160,425,54.2,65.7,NA,"ADULT",NA,NA,7,"NMDGF",NA
"585","2",0007-12-09,2007,"Antigone canadensis canadensis",3740,"M",175,470,63.8,74.1,203,"ADULT",NA,NA,7,"NMDGF",NA
"586","2",0007-12-09,2007,"Antigone canadensis canadensis",3167,"F",180,475,61.3,68.9,182,"ADULT",NA,NA,7,"NMDGF",NA
"587","2",0008-01-12,2007,"Antigone canadensis canadensis",3283,"M",174,467,65,73.3,183,"ADULT",NA,NA,8,"NMDGF",NA
"588","3",0008-01-12,2007,"Antigone canadensis canadensis",3134,"F",165,434,53.8,72.2,184,"ADULT",NA,NA,8,"NMDGF",NA
"589","2",0008-01-12,2007,"Antigone canadensis canadensis",2781,"F",154,432,66.4,77.1,168,"ADULT",NA,NA,8,"NMDGF",NA
"590","3",0008-01-12,2007,"Antigone canadensis canadensis",3412,"M",185,475,NA,NA,177,"ADULT",NA,NA,8,"NMDGF",NA
"591","3",0008-01-12,2007,"Antigone canadensis canadensis",3788,"M",167,443,63.2,74.4,174,"ADULT",NA,NA,8,"NMDGF",NA
"592","2",0008-01-13,2007,"Antigone canadensis canadensis",NA,"M",187,482,65.6,79.4,211,"ADULT",NA,NA,8,"NMDGF",NA
"593","3",0008-11-01,2008,"Antigone canadensis canadensis",3896,"M",182,492,62.6,70.9,196,"ADULT",NA,NA,8,"NMDGF",NA
"594","3",0008-11-01,2008,"Antigone canadensis canadensis",3398,"M",166,494,63.1,74,189,"ADULT",NA,NA,8,"NMDGF",NA
"595","2",0008-11-01,2008,"Antigone canadensis canadensis",3062,"F",160,441,NA,NA,172,"ADULT",NA,NA,8,"NMDGF",NA
"596","2",0008-11-01,2008,"Antigone canadensis canadensis",3407,"M",176,473,62.4,72.8,191,"ADULT",NA,NA,8,"NMDGF",NA
"597","2",0008-11-01,2008,"Antigone canadensis canadensis",2713,"F",146,421,54.5,65.5,173,"ADULT",NA,NA,8,"NMDGF",NA
"598","3",0008-11-01,2008,"Antigone canadensis canadensis",3707,"M",161,474,63.9,77.1,198,"ADULT",NA,NA,8,"NMDGF",NA
"599","3",0008-11-01,2008,"Antigone canadensis canadensis",3290,"F",163,444,60.6,70.9,184,"ADULT",NA,NA,8,"NMDGF",NA
"600","3",0008-11-01,2008,"Antigone canadensis canadensis",2737,"F",155,414,55.7,65.5,183,"ADULT",NA,NA,8,"NMDGF",NA
"601","2",0008-11-01,2008,"Antigone canadensis canadensis",3311,"F",169,456,57.8,69.1,196,"ADULT",NA,NA,8,"NMDGF",NA
"602","2",0008-11-01,2008,"Antigone canadensis canadensis",2860,"F",163,446,56.1,68.7,159,"ADULT",NA,NA,8,"NMDGF",NA
"603","3",0008-11-01,2008,"Antigone canadensis canadensis",3188,"F",153,444,62.8,72.5,196,"ADULT",NA,NA,8,"NMDGF",NA
"604","2",0008-11-01,2008,"Antigone canadensis canadensis",2949,"F",169,441,59.3,68.7,155,"ADULT",NA,NA,8,"NMDGF",NA
"605","3",0008-11-01,2008,"Antigone canadensis canadensis",3297,"F",162,444,58.9,71.1,182,"ADULT",NA,NA,8,"NMDGF",NA
"606","3",0008-11-01,2008,"Antigone canadensis canadensis",3157,"M",162,472,63.9,80.5,184,"ADULT",NA,NA,8,"NMDGF",NA
"607","3",0008-11-01,2008,"Antigone canadensis canadensis",3379,"M",175,483,62.4,71.2,191,"ADULT",NA,NA,8,"NMDGF",NA
"608","3",0008-11-01,2008,"Antigone canadensis canadensis",3044,"F",163,459,59.5,69.4,172,"ADULT",NA,NA,8,"NMDGF",NA
"609","2",0008-11-01,2008,"Antigone canadensis canadensis",3395,"F",156,444,62.5,72.7,181,"ADULT",NA,NA,8,"NMDGF",NA
"610","2",0008-11-01,2008,"Antigone canadensis canadensis",3680,"M",168,474,61,70.6,201,"ADULT",NA,NA,8,"NMDGF",NA
"611","3",0008-11-01,2008,"Antigone canadensis canadensis",3088,"M",170,451,62.4,74.2,187,"ADULT",NA,NA,8,"NMDGF",NA
"612","3",0008-11-01,2008,"Antigone canadensis canadensis",2781,"F",163,412,54.5,64.3,175,"ADULT",NA,NA,8,"NMDGF",NA
"613","2",0008-11-01,2008,"Antigone canadensis canadensis",3670,"M",NA,472,61.3,73.8,205,"ADULT",NA,NA,8,"NMDGF",NA
"614","2",0008-11-01,2008,"Antigone canadensis canadensis",3346,"M",169,448,62.7,75.5,201,"ADULT",NA,NA,8,"NMDGF",NA
"615","2",0008-11-01,2008,"Antigone canadensis canadensis",3714,"M",166,472,63.9,70.4,204,"ADULT",NA,NA,8,"NMDGF",NA
"616","3",0008-11-01,2008,"Antigone canadensis canadensis",3536,"M",179,478,60.8,73,196,"ADULT",NA,NA,8,"NMDGF",NA
"617","3",0008-11-01,2008,"Antigone canadensis canadensis",2862,"F",156,458,54.5,65.4,184,"IMMATURE",NA,NA,8,"NMDGF",NA
"618","3",0008-11-01,2008,"Antigone canadensis canadensis",3047,"M",156,446,NA,59.3,181,"IMMATURE",NA,NA,8,"NMDGF",NA
"619","2",0008-11-02,2008,"Antigone canadensis canadensis",3015,"F",159,463,58.9,69,177,"ADULT",NA,NA,8,"NMDGF",NA
"620","2",0008-11-02,2008,"Antigone canadensis canadensis",2703,"F",170,441,59.4,71.9,191,"ADULT",NA,NA,8,"NMDGF",NA
"621","2",0008-11-02,2008,"Antigone canadensis canadensis",3314,"M",177,477,61.1,79.1,207,"ADULT",NA,NA,8,"NMDGF",NA
"622","2",0008-11-02,2008,"Antigone canadensis canadensis",3225,"F",157,457,NA,NA,176,"ADULT",NA,NA,8,"NMDGF",NA
"623","2",0008-11-02,2008,"Antigone canadensis canadensis",3284,"M",172,452,62.3,72.1,179,"ADULT",NA,NA,8,"NMDGF",NA
"624","2",0008-11-02,2008,"Antigone canadensis canadensis",2696,"F",148,431,55.5,65.8,173,"ADULT",NA,NA,8,"NMDGF",NA
"625","3",0008-11-02,2008,"Antigone canadensis canadensis",3524,"F",186,471,NA,NA,196,"ADULT",NA,NA,8,"NMDGF",NA
"626","3",0008-11-02,2008,"Antigone canadensis canadensis",2820,"F",162,455,59.1,68.7,183,"ADULT",NA,NA,8,"NMDGF",NA
"627","3",0008-11-02,2008,"Antigone canadensis canadensis",3677,"M",181,479,59.2,70.5,203,"ADULT",NA,NA,8,"NMDGF",NA
"628","3",0008-11-02,2008,"Antigone canadensis canadensis",3101,"F",168,439,60.6,69.3,197,"ADULT",NA,NA,8,"NMDGF",NA
"629","3",0008-11-02,2008,"Antigone canadensis canadensis",3312,"M",152,443,61.2,69.4,185,"ADULT",NA,NA,8,"NMDGF",NA
"630","3",0008-11-02,2008,"Antigone canadensis canadensis",3418,"M",175,480,64.4,74.2,196,"ADULT",NA,NA,8,"NMDGF",NA
"631","2",0008-11-02,2008,"Antigone canadensis canadensis",3320,"M",164,451,59.3,70.9,190,"ADULT",NA,NA,8,"NMDGF",NA
"632","3",0008-11-02,2008,"Antigone canadensis canadensis",3141,"F",169,457,59.3,68.8,196,"ADULT",NA,NA,8,"NMDGF",NA
"633","2",0008-11-02,2008,"Antigone canadensis canadensis",NA,"F",NA,NA,52.5,61.1,161,"IMMATURE",NA,NA,8,"NMDGF",NA
"634","2",0008-11-02,2008,"Antigone canadensis canadensis",2984,"M",NA,426,51,61,177,"IMMATURE",NA,NA,8,"NMDGF",NA
"635","2",0008-11-02,2008,"Antigone canadensis canadensis",2703,"M",152,449,52.5,63,176,"IMMATURE",NA,NA,8,"NMDGF",NA
"636","3",0008-11-02,2008,"Antigone canadensis canadensis",2839,"F",155,431,56.2,67.3,180,"IMMATURE",NA,NA,8,"NMDGF",NA
"637","2",0008-11-02,2008,"Antigone canadensis canadensis",2726,"F",143,416,53.1,64.5,186,"IMMATURE",NA,NA,8,"NMDGF",NA
"638","3",0008-11-02,2008,"Antigone canadensis canadensis",2703,"F",149,427,53.7,64.1,170,"IMMATURE",NA,NA,8,"NMDGF",NA
"639","2",0008-11-10,2008,"Antigone canadensis canadensis",3123,"M",153,443,61.3,72.2,191,"ADULT",NA,NA,8,"NMDGF",NA
"640","2",0008-11-22,2008,"Antigone canadensis canadensis",3122,"M",161,458,66.1,77.2,192,NA,NA,NA,8,"NMDGF",NA
"641","3",0008-11-22,2008,"Antigone canadensis canadensis",3381,"M",172,458,65.5,77.1,170,"ADULT",NA,NA,8,"NMDGF",NA
"642","2",0008-11-22,2008,"Antigone canadensis canadensis",3669,"M",173,481,64.3,74.4,184,"ADULT",NA,NA,8,"NMDGF",NA
"643","2",0008-11-22,2008,"Antigone canadensis canadensis",3589,"M",167,460,60.9,71.8,204,"ADULT",NA,NA,8,"NMDGF",NA
"644","3",0008-11-22,2008,"Antigone canadensis canadensis",2845,"F",151,NA,54.8,61,167,"ADULT",NA,NA,8,"NMDGF",NA
"645","3",0008-11-22,2008,"Antigone canadensis canadensis",3130,"F",156,424,54.7,63.3,171,"ADULT",NA,NA,8,"NMDGF",NA
"646","3",0008-11-22,2008,"Antigone canadensis canadensis",3703,"M",184,456,61.6,71.1,197,"ADULT",NA,NA,8,"NMDGF",NA
"647","2",0008-11-22,2008,"Antigone canadensis canadensis",3718,"M",170,475,67.1,75.5,188,"ADULT",NA,NA,8,"NMDGF",NA
"648","2",0008-11-22,2008,"Antigone canadensis canadensis",3325,"M",166,463,63.1,73.8,184,"ADULT",NA,NA,8,"NMDGF",NA
"649","2",0008-11-22,2008,"Antigone canadensis canadensis",3196,"F",153,431,62.4,76.3,181,"ADULT",NA,NA,8,"NMDGF",NA
"650","2",0008-11-22,2008,"Antigone canadensis canadensis",3195,"F",160,437,63.5,71.8,191,"ADULT",NA,NA,8,"NMDGF",NA
"651","2",0008-11-22,2008,"Antigone canadensis canadensis",3099,"M",152,424,62.5,73.1,196,"ADULT",NA,NA,8,"NMDGF",NA
"652","2",0008-11-22,2008,"Antigone canadensis canadensis",3018,"F",149,434,54.9,66.5,179,"ADULT",NA,NA,8,"NMDGF",NA
"653","2",0008-11-22,2008,"Antigone canadensis canadensis",2835,"F",147,442,56.7,65.7,174,"ADULT",NA,NA,8,"NMDGF",NA
"654","3",0008-11-22,2008,"Antigone canadensis canadensis",NA,"F",NA,NA,51.7,60.4,155,"IMMATURE",NA,NA,8,"NMDGF",NA
"655","3",0008-11-22,2008,"Antigone canadensis canadensis",3221,"M",152,435,54.4,63.4,177,"IMMATURE",NA,NA,8,"NMDGF",NA
"656","3",0008-11-22,2008,"Antigone canadensis canadensis",2562,"F",NA,NA,51.8,60.2,160,"IMMATURE",NA,NA,8,"NMDGF",NA
"657","3",0008-11-22,2008,"Antigone canadensis canadensis",3005,"M",NA,420,51.7,63,182,"IMMATURE",NA,NA,8,"NMDGF",NA
"658","2",0008-11-23,2008,"Antigone canadensis canadensis",3577,"M",167,456,64.1,73.9,196,"ADULT",NA,NA,8,"NMDGF",NA
"659","3",0008-11-23,2008,"Antigone canadensis canadensis",3596,"M",171,458,63.5,74,186,"ADULT",NA,NA,8,"NMDGF",NA
"660","3",0008-11-23,2008,"Antigone canadensis canadensis",3537,"M",173,477,61,70.1,195,"ADULT",NA,NA,8,"NMDGF",NA
"661","3",0008-11-23,2008,"Antigone canadensis canadensis",3310,"F",166,436,58.9,68.5,184,"ADULT",NA,NA,8,"NMDGF",NA
"662","3",0008-11-23,2008,"Antigone canadensis canadensis",NA,"M",183,501,60.4,71.6,203,"ADULT",NA,NA,8,"NMDGF",NA
"663","3",0008-11-23,2008,"Antigone canadensis canadensis",2953,"F",160,431,55.1,64.8,177,"ADULT",NA,NA,8,"NMDGF",NA
"664","3",0008-11-23,2008,"Antigone canadensis canadensis",NA,"F",161,448,64.5,75.2,176,"ADULT",NA,NA,8,"NMDGF",NA
"665","2",0008-11-23,2008,"Antigone canadensis canadensis",3325,"M",177,455,58.2,68.6,200,"ADULT",NA,NA,8,"NMDGF",NA
"666","2",0008-11-23,2008,"Antigone canadensis canadensis",3144,"F",166,435,54.1,64.8,188,"ADULT",NA,NA,8,"NMDGF",NA
"667","2",0008-11-23,2008,"Antigone canadensis canadensis",2891,"F",155,422,54,64.7,172,"ADULT",NA,NA,8,"NMDGF",NA
"668","2",0008-11-23,2008,"Antigone canadensis canadensis",3549,"M",167,NA,62.2,71,193,"ADULT",NA,NA,8,"NMDGF",NA
"669","2",0008-11-23,2008,"Antigone canadensis canadensis",3826,"M",171,468,60.4,71.5,187,"ADULT",NA,NA,8,"NMDGF",NA
"670","3",0008-11-23,2008,"Antigone canadensis canadensis",3291,"M",183,465,61.5,69.6,187,"ADULT",NA,NA,8,"NMDGF",NA
"671","3",0008-11-23,2008,"Antigone canadensis canadensis",2808,"F",152,438,57.2,69.7,186,"ADULT",NA,NA,8,"NMDGF",NA
"672","3",0008-11-23,2008,"Antigone canadensis canadensis",3100,"F",149,436,57.1,66.3,186,"ADULT",NA,NA,8,"NMDGF",NA
"673","3",0008-11-23,2008,"Antigone canadensis canadensis",2686,"F",145,430,53.7,61.4,154,"IMMATURE",NA,NA,8,"NMDGF",NA
"674","3",0008-12-06,2008,"Antigone canadensis canadensis",3332,"M",168,438,59.4,74.4,181,"ADULT",NA,NA,8,"NMDGF",NA
"675","3",0008-12-06,2008,"Antigone canadensis canadensis",3671,"M",172,453,61.1,75.1,183,"ADULT",NA,NA,8,"NMDGF",NA
"676","3",0008-12-07,2008,"Antigone canadensis canadensis",3327,"F",149,428,57.7,70.1,175,"ADULT",NA,NA,8,"NMDGF",NA
"677","2",0008-12-07,2008,"Antigone canadensis canadensis",3632,"M",153,450,59.2,69.5,195,"ADULT",NA,NA,8,"NMDGF",NA
"678","2",0008-12-07,2008,"Antigone canadensis canadensis",3718,"M",161,462,62.2,72.9,193,"ADULT",NA,NA,8,"NMDGF",NA
"679","3",0008-12-07,2008,"Antigone canadensis canadensis",3659,"M",170,473,60.9,74.5,196,"ADULT",NA,NA,8,"NMDGF",NA
"680","3",0008-12-07,2008,"Antigone canadensis canadensis",3460,"M",173,459,63.6,75.1,193,"ADULT",NA,NA,8,"NMDGF",NA
"681","3",0008-12-07,2008,"Antigone canadensis canadensis",NA,"M",174,479,64.1,76.6,205,"ADULT",NA,NA,8,"NMDGF",NA
"682","2",0008-12-07,2008,"Antigone canadensis canadensis",3699,"M",169,493,NA,80.3,194,"ADULT",NA,NA,8,"NMDGF",NA
"683","2",0008-12-07,2008,"Antigone canadensis canadensis",3232,"F",163,440,58.1,67.5,181,"ADULT",NA,NA,8,"NMDGF",NA
"684","2",0008-12-07,2008,"Antigone canadensis canadensis",3575,"M",172,449,66.6,80.6,205,"ADULT",NA,NA,8,"NMDGF",NA
"685","3",0008-12-07,2008,"Antigone canadensis canadensis",2760,"F",NA,413,55.7,66.2,171,"IMMATURE",NA,NA,8,"NMDGF",NA
"686","2",0008-12-07,2008,"Antigone canadensis canadensis",3004,"M",143,427,53,63.4,170,"IMMATURE",NA,NA,8,"NMDGF",NA
"687","2",0009-01-10,2008,"Antigone canadensis canadensis",3845,"M",NA,NA,63,74.2,200,"ADULT",NA,NA,9,"NMDGF",NA
"688","2",0009-01-10,2008,"Antigone canadensis canadensis",3600,"M",171,483,61,73.2,201,"ADULT",NA,NA,9,"NMDGF",NA
"689","3",0009-01-10,2008,"Antigone canadensis canadensis",3642,"M",172,476,60.9,71.5,198,"ADULT",NA,NA,9,"NMDGF",NA
"690","2",0009-01-10,2008,"Antigone canadensis canadensis",3358,"F",173,450,64,73.3,201,"ADULT",NA,NA,9,"NMDGF",NA
"691","2",0009-01-10,2008,"Antigone canadensis canadensis",3066,"F",159,442,57.9,67,177,"ADULT",NA,NA,9,"NMDGF",NA
"692","2",0009-01-10,2008,"Antigone canadensis canadensis",3091,"F",164,431,52.5,62.2,172,"ADULT",NA,NA,9,"NMDGF",NA
"693","2",0009-01-10,2008,"Antigone canadensis canadensis",3965,"M",149,457,63.7,78.4,207,"IMMATURE",NA,NA,9,"NMDGF",NA
"694","2",0009-01-11,2008,"Antigone canadensis canadensis",NA,"M",174,453,58.1,67.8,186,"ADULT",NA,NA,9,"NMDGF",NA
"695","2",0009-01-11,2008,"Antigone canadensis canadensis",3324,"F",163,449,59.6,71,195,"ADULT",NA,NA,9,"NMDGF",NA
"696","2",0009-01-11,2008,"Antigone canadensis canadensis",3178,"F",165,440,58,64.7,171,"ADULT",NA,NA,9,"NMDGF",NA
"697","2",0009-01-11,2008,"Antigone canadensis canadensis",3672,"M",168,467,55.5,66.3,197,"ADULT",NA,NA,9,"NMDGF",NA
"698","2",0009-01-11,2008,"Antigone canadensis canadensis",3306,"F",173,465,69.2,79.8,184,"ADULT",NA,NA,9,"NMDGF",NA
"699","2",0009-01-11,2008,"Antigone canadensis canadensis",3735,"M",168,459,66.1,78.3,198,"IMMATURE",NA,NA,9,"NMDGF",NA
"700","3",0009-10-27,2009,"Antigone canadensis canadensis",3522,"M",177,482,59.7,70.7,191,"ADULT",NA,NA,9,"NMDGF",NA
"701","3",0009-10-27,2009,"Antigone canadensis canadensis",3880,"M",162,453,58.5,66.7,189,"ADULT",NA,NA,9,"NMDGF",NA
"702","2",0009-10-31,2009,"Antigone canadensis canadensis",3190,"F",160,441,62,72.6,192,"ADULT",NA,NA,9,"NMDGF",NA
"703","2",0009-10-31,2009,"Antigone canadensis canadensis",3755,"M",181,489,61.3,70.5,201,"ADULT",NA,NA,9,"NMDGF",NA
"704","2",0009-10-31,2009,"Antigone canadensis canadensis",3169,"F",154,450,57.2,68.8,185,"ADULT",NA,NA,9,"NMDGF",NA
"705","2",0009-10-31,2009,"Antigone canadensis canadensis",2910,"M",161,433,60.3,69.1,180,"ADULT",NA,NA,9,"NMDGF",NA
"706","2",0009-10-31,2009,"Antigone canadensis canadensis",3770,"M",171,466,61.9,74.8,199,"ADULT",NA,NA,9,"NMDGF",NA
"707","2",0009-10-31,2009,"Antigone canadensis canadensis",3608,"M",182,477,61.9,73.7,194,"ADULT",NA,NA,9,"NMDGF",NA
"708","2",0009-10-31,2009,"Antigone canadensis canadensis",2720,"M",173,459,60.1,72.4,186,"ADULT",NA,NA,9,"NMDGF",NA
"709","2",0009-10-31,2009,"Antigone canadensis canadensis",3860,"M",161,475,64,73.6,183,"ADULT",NA,NA,9,"NMDGF",NA
"710","2",0009-10-31,2009,"Antigone canadensis canadensis",3413,"F",177,464,62.8,74.7,181,"ADULT",NA,NA,9,"NMDGF",NA
"711","2",0009-10-31,2009,"Antigone canadensis canadensis",3810,"M",179,479,63.2,73,189,"ADULT",NA,NA,9,"NMDGF",NA
"712","2",0009-10-31,2009,"Antigone canadensis canadensis",NA,"M",180,485,64.7,76.4,NA,"ADULT",NA,NA,9,"NMDGF",NA
"713","2",0009-10-31,2009,"Antigone canadensis canadensis",3201,"F",160,451,61.6,71.4,NA,"ADULT",NA,NA,9,"NMDGF",NA
"714","2",0009-10-31,2009,"Antigone canadensis canadensis",3581,"M",159,456,60.9,72.4,190,"ADULT",NA,NA,9,"NMDGF",NA
"715","2",0009-10-31,2009,"Antigone canadensis canadensis",3536,"M",176,456,65,73.8,191,"ADULT",NA,NA,9,"NMDGF",NA
"716","2",0009-10-31,2009,"Antigone canadensis canadensis",2671,"F",150,456,62.6,69.2,187,"ADULT",NA,NA,9,"NMDGF",NA
"717","2",0009-10-31,2009,"Antigone canadensis canadensis",3314,"M",151,448,61.7,67.6,186,"ADULT",NA,NA,9,"NMDGF",NA
"718","2",0009-10-31,2009,"Antigone canadensis canadensis",2959,"F",163,437,58.4,67.8,176,"ADULT",NA,NA,9,"NMDGF",NA
"719","3",0009-11-01,2009,"Antigone canadensis canadensis",2784,"F",157,414,55.7,65,169,"ADULT",NA,NA,9,"NMDGF",NA
"720","2",0009-11-01,2009,"Antigone canadensis canadensis",2941,"M",166,455,56.5,67.5,185,"ADULT",NA,NA,9,"NMDGF",NA
"721","2",0009-11-01,2009,"Antigone canadensis canadensis",3278,"F",172,472,60.6,72.6,184,"ADULT",NA,NA,9,"NMDGF",NA
"722","2",0009-11-01,2009,"Antigone canadensis canadensis",3046,"F",159,435,53.5,69.1,173,"ADULT",NA,NA,9,"NMDGF",NA
"723","2",0009-11-01,2009,"Antigone canadensis canadensis",3459,"F",173,464,60,69.8,191,"ADULT",NA,NA,9,"NMDGF",NA
"724","3",0009-11-01,2009,"Antigone canadensis canadensis",3007,"F",157,460,61.6,72.9,183,"ADULT",NA,NA,9,"NMDGF",NA
"725","2",0009-11-01,2009,"Antigone canadensis canadensis",3703,"M",175,486,65.7,73.4,200,"ADULT",NA,NA,9,"NMDGF",NA
"726","3",0009-11-01,2009,"Antigone canadensis canadensis",2988,"F",180,465,57.2,65,191,"ADULT",NA,NA,9,"NMDGF",NA
"727","3",0009-11-01,2009,"Antigone canadensis canadensis",3551,"F",169,457,61.2,69.3,190,"ADULT",NA,NA,9,"NMDGF",NA
"728","3",0009-11-01,2009,"Antigone canadensis canadensis",3467,"M",163,461,66.3,75.7,205,"ADULT",NA,NA,9,"NMDGF",NA
"729","3",0009-11-01,2009,"Antigone canadensis canadensis",3538,"M",169,474,56.7,67.5,193,"ADULT",NA,NA,9,"NMDGF",NA
"730","3",0009-11-01,2009,"Antigone canadensis canadensis",3404,"M",167,436,63.3,71.9,187,"ADULT",NA,NA,9,"NMDGF",NA
"731","2",0009-11-01,2009,"Antigone canadensis canadensis",3033,"F",161,442,55.7,64.8,180,"ADULT",NA,NA,9,"NMDGF",NA
"732","2",0009-11-01,2009,"Antigone canadensis canadensis",3378,"M",164,479,62.9,73.7,185,"ADULT",NA,NA,9,"NMDGF",NA
"733","2",0009-11-01,2009,"Antigone canadensis canadensis",2921,"F",164,466,60.6,68.8,174,"ADULT",NA,NA,9,"NMDGF",NA
"734","2",0009-11-01,2009,"Antigone canadensis canadensis",3682,"F",160,471,57.3,67.3,201,"ADULT",NA,NA,9,"NMDGF",NA
"735","2",0009-11-21,2009,"Antigone canadensis canadensis",3104,"F",161,425,61.7,70.4,181,"ADULT",NA,NA,9,"NMDGF",NA
"736","3",0009-11-21,2009,"Antigone canadensis canadensis",3169,"F",162,451,57.4,68,175,"ADULT",NA,NA,9,"NMDGF",NA
"737","3",0009-11-21,2009,"Antigone canadensis canadensis",3150,"M",161,461,62.7,72.5,179,"ADULT",NA,NA,9,"NMDGF",NA
"738","3",0009-11-21,2009,"Antigone canadensis canadensis",3066,"F",153,436,54.1,64.3,189,"ADULT",NA,NA,9,"NMDGF",NA
"739","3",0009-11-21,2009,"Antigone canadensis canadensis",3715,"M",172,485,60.7,69.5,195,"ADULT",NA,NA,9,"NMDGF",NA
"740","2",0009-11-21,2009,"Antigone canadensis canadensis",3517,"M",164,440,59.8,71.9,191,"ADULT",NA,NA,9,"NMDGF",NA
"741","2",0009-11-21,2009,"Antigone canadensis canadensis",3178,"F",154,432,57.6,66.2,190,"ADULT",NA,NA,9,"NMDGF",NA
"742","2",0009-11-21,2009,"Antigone canadensis canadensis",3841,"M",164,469,66.7,78,191,"ADULT",NA,NA,9,"NMDGF",NA
"743","3",0009-11-22,2009,"Antigone canadensis canadensis",3916,"M",171,456,60.3,72,191,"ADULT",NA,NA,9,"NMDGF",NA
"744","2",0009-11-22,2009,"Antigone canadensis canadensis",3748,"M",166,464,55,64.8,184,"ADULT",NA,NA,9,"NMDGF",NA
"745","2",0009-11-22,2009,"Antigone canadensis canadensis",3616,"M",179,480,56.9,69.1,184,"ADULT",NA,NA,9,"NMDGF",NA
"746","2",0009-12-04,2009,"Antigone canadensis canadensis",3805,"M",166,484,63.1,73.3,192,"ADULT",NA,NA,9,"NMDGF",NA
"747","2",0009-12-05,2009,"Antigone canadensis canadensis",3535,"M",162,474,61,79.4,198,"ADULT",NA,NA,9,"NMDGF",NA
"748","2",0009-12-05,2009,"Antigone canadensis canadensis",3652,"M",164,467,63,70.8,180,"ADULT",NA,NA,9,"NMDGF",NA
"749","3",0009-12-05,2009,"Antigone canadensis canadensis",3583,"M",162,464,61.5,75.5,182,"ADULT",NA,NA,9,"NMDGF",NA
"750","2",0009-12-05,2009,"Antigone canadensis canadensis",3252,"M",160,469,62.3,75.7,209,"ADULT",NA,NA,9,"NMDGF",NA
"751","2",0009-12-05,2009,"Antigone canadensis canadensis",3418,"M",171,458,61.8,75.1,207,"ADULT",NA,NA,9,"NMDGF",NA
"752","2",0009-12-05,2009,"Antigone canadensis canadensis",3910,"F",182,468,NA,81.3,196,"ADULT",NA,NA,9,"NMDGF",NA
"753","2",0009-12-05,2009,"Antigone canadensis canadensis",3756,"M",171,468,66.5,76.5,192,"ADULT",NA,NA,9,"NMDGF",NA
"754","2",0009-12-05,2009,"Antigone canadensis canadensis",2882,"F",164,442,51.8,61.9,167,"ADULT",NA,NA,9,"NMDGF",NA
"755","2",0009-12-05,2009,"Antigone canadensis canadensis",3430,"M",156,444,62.5,71.8,203,"ADULT",NA,NA,9,"NMDGF",NA
"756","2",0009-12-05,2009,"Antigone canadensis canadensis",3474,"M",171,466,64.8,76.3,192,"ADULT",NA,NA,9,"NMDGF",NA
"757","2",0009-12-05,2009,"Antigone canadensis canadensis",3112,"F",177,477,58.3,67.3,173,"ADULT",NA,NA,9,"NMDGF",NA
"758","2",0009-12-05,2009,"Antigone canadensis canadensis",NA,"M",173,485,68.3,78.4,219,"ADULT",NA,NA,9,"NMDGF",NA
"759","2",0009-12-05,2009,"Antigone canadensis canadensis",2837,"F",164,411,60.2,70.4,159,"ADULT",NA,NA,9,"NMDGF",NA
"760","3",0009-12-05,2009,"Antigone canadensis canadensis",3044,"M",162,428,55.2,66.2,180,"ADULT",NA,NA,9,"NMDGF",NA
"761","2",0009-12-06,2009,"Antigone canadensis canadensis",3128,"F",164,446,61.7,70.2,193,"ADULT",NA,NA,9,"NMDGF",NA
"762","2",0009-12-06,2009,"Antigone canadensis canadensis",3052,"M",165,413,54.2,61.7,186,"ADULT",NA,NA,9,"NMDGF",NA
"763","2",0009-12-06,2009,"Antigone canadensis canadensis",2763,"F",154,432,62.8,76.4,163,"ADULT",NA,NA,9,"NMDGF",NA
"764","2",0009-12-06,2009,"Antigone canadensis canadensis",3168,"F",162,436,61.9,71,185,"ADULT",NA,NA,9,"NMDGF",NA
"765","3",0009-12-06,2009,"Antigone canadensis canadensis",3741,"M",178,463,NA,74.2,186,"ADULT",NA,NA,9,"NMDGF",NA
"766","2",0010-01-09,2010,"Antigone canadensis canadensis",3083,"F",163,447,68.8,78.1,177,"ADULT",NA,NA,10,"NMDGF",NA
"767","2",0010-01-09,2010,"Antigone canadensis canadensis",3559,"M",172,462,62.8,74.1,191,"ADULT",NA,NA,10,"NMDGF",NA
"768","2",0010-01-09,2010,"Antigone canadensis canadensis",3523,"M",173,469,66.2,76.1,194,"ADULT",NA,NA,10,"NMDGF",NA
"769","3",0010-01-09,2010,"Antigone canadensis canadensis",2755,"F",160,443,63,72.3,182,"ADULT",NA,NA,10,"NMDGF",NA
"770","3",0010-01-09,2010,"Antigone canadensis canadensis",2990,"F",158,429,62.3,69.3,189,"ADULT",NA,NA,10,"NMDGF",NA
"771","3",0010-01-09,2010,"Antigone canadensis canadensis",3480,"F",174,456,66.4,75.7,191,"ADULT",NA,NA,10,"NMDGF",NA
"772","3",0010-01-09,2010,"Antigone canadensis canadensis",3318,"M",180,479,58.6,67.7,183,"ADULT",NA,NA,10,"NMDGF",NA
"773","3",0010-01-09,2010,"Antigone canadensis canadensis",3222,"F",176,NA,59.7,69.1,189,"ADULT",NA,NA,10,"NMDGF",NA
"774","3",0010-01-09,2010,"Antigone canadensis canadensis",2981,"F",159,437,55.5,65.5,177,"ADULT",NA,NA,10,"NMDGF",NA
"775","3",0010-01-09,2010,"Antigone canadensis canadensis",3262,"F",159,450,56.4,67,177,"ADULT",NA,NA,10,"NMDGF",NA
"776","3",0010-01-09,2010,"Antigone canadensis canadensis",3106,"F",164,433,60.5,72.1,187,"ADULT",NA,NA,10,"NMDGF",NA
"777","3",0010-01-09,2010,"Antigone canadensis canadensis",3172,"F",168,457,58,68.7,172,"ADULT",NA,NA,10,"NMDGF",NA
"778","3",0010-01-09,2010,"Antigone canadensis canadensis",3101,"F",156,431,55.7,62.4,182,"ADULT",NA,NA,10,"NMDGF",NA
"779","3",0010-01-09,2010,"Antigone canadensis canadensis",NA,"M",165,456,68.4,77.8,196,"ADULT",NA,NA,10,"NMDGF",NA
"780","2",0010-01-10,2010,"Antigone canadensis canadensis",3340,"F",159,441,66.7,75.5,183,"ADULT",NA,NA,10,"NMDGF",NA
"781","3",0010-01-10,2010,"Antigone canadensis canadensis",NA,"M",173,476,60,70.7,204,"ADULT",NA,NA,10,"NMDGF",NA
"782","3",0010-01-10,2010,"Antigone canadensis canadensis",3403,"M",175,448,59.8,71.9,190,"ADULT",NA,NA,10,"NMDGF",NA
